name,wattage,efficiency,price,size,image,modularity,color
test,69420,N,69.42,SFX,https://m.media-amazon.com/images/I/41tTcSFPOyS.jpg,Full,creamy
Azza PSAZ-750W,750,Efficiency Rating80+ Bronze,59.95,TypeATX,https://m.media-amazon.com/images/I/51aiONtzGnS.jpg,ModularNo,ColorBlack
Thermaltake Smart,500,Efficiency Rating80+,61.6,TypeATX,https://m.media-amazon.com/images/I/519RlzaoKDL.jpg,ModularNo,Color
CoolMax ZX-500,500,Efficiency Rating80+,63.99,TypeATX,https://images-fe.ssl-images-amazon.com/images/I/516bfytLBEL.jpg,ModularNo,Color
Thermaltake Smart,600,Efficiency Rating80+,64.9,TypeATX,https://images-eu.ssl-images-amazon.com/images/I/51Ih1TB6nFL.jpg,ModularNo,Color
FSP Group HEXA 85+ PRO,450,Efficiency Rating80+ Bronze,64.99,TypeATX,https://m.media-amazon.com/images/I/41wH+TLFGEL.jpg,ModularNo,ColorBlack
EVGA 500 W1,500,Efficiency Rating80+,66.99,TypeATX,//cdna.pcpartpicker.com/static/forever/images/product/54c22d607bdad7d92e7512aaa53955e2.256p.jpg,ModularNo,Color
Azza PSAZ-650W,650,Efficiency Rating80+ Bronze,68.95,TypeATX,//cdna.pcpartpicker.com/static/forever/images/product/21efec726484eb1be8ea121f2eb49198.256p.jpg,ModularNo,ColorBlack
ASRock Challenger CL-550B,550,Efficiency Rating80+ Bronze,70.4,TypeATX,//cdna.pcpartpicker.com/static/forever/images/product/b4283167def49aee8fb2afeb234fd65e.256p.jpg,ModularNo,ColorBlack
Thermaltake Smart BX1 550,550,Efficiency Rating80+ Bronze,74.99,TypeATX,https://images-na.ssl-images-amazon.com/images/I/41bUVbWjjVL.jpg,ModularNo,ColorBlack
EVGA 610 BP,610,Efficiency Rating80+ Bronze,75.0,TypeATX,https://m.media-amazon.com/images/I/51T+stsZKEL.jpg,ModularNo,ColorBlack
Thermaltake Smart,700,Efficiency Rating80+,77.0,TypeATX,https://m.media-amazon.com/images/I/51BVjb7JUsL.jpg,ModularNo,Color
MSI MAG A550BN,550,Efficiency Rating80+ Bronze,77.53,TypeATX,https://m.media-amazon.com/images/I/51VZJ8DVX-L.jpg,ModularNo,ColorBlack
Apevia Prestige,600,Efficiency Rating80+ Gold,79.06,TypeATX,https://m.media-amazon.com/images/I/41pBDy5c8nL.jpg,ModularNo,ColorBlack
CoolMax ZX-600,600,Efficiency Rating80+,79.98,TypeATX,//cdna.pcpartpicker.com/static/forever/images/product/d94bb5f6531ecf447fa21f100f86fd7b.med.256p.jpg,ModularNo,Color
FSP Group HEXA 85+ PRO,550,Efficiency Rating80+ Bronze,79.99,TypeATX,https://m.media-amazon.com/images/I/41t+kAhuvcS.jpg,ModularNo,ColorBlack
Apevia Premier,650,Efficiency Rating80+ Gold,82.75,TypeATX,https://m.media-amazon.com/images/I/51YPQPp7z0S.jpg,ModularSemi,ColorBlack
SAMA GT,650,Efficiency Rating80+ Gold,82.99,TypeATX,//cdna.pcpartpicker.com/static/forever/images/product/e81737b03f15f9d68443d480d0e4e2ff.256p.jpg,ModularFull,ColorBlack
ASRock Challenger CL-650B,650,Efficiency Rating80+ Bronze,83.99,TypeATX,//cdna.pcpartpicker.com/static/forever/images/product/770db437877b861f291f81c98c064622.256p.jpg,ModularNo,ColorBlack
Corsair CX (2023),550,Efficiency Rating80+ Bronze,84.99,TypeATX,//cdna.pcpartpicker.com/static/forever/images/product/5c9986f2ca555182c65ca3541ec840ed.256p.jpg,ModularNo,ColorBlack
Thermaltake Toughpower GX2,600,Efficiency Rating80+ Gold,85.8,TypeATX,//cdna.pcpartpicker.com/static/forever/images/product/56f77032e78c9af99041786b5196fe91.256p.jpg,ModularNo,ColorBlack
Corsair CX (2023),650,Efficiency Rating80+ Bronze,87.96,TypeATX,//cdna.pcpartpicker.com/static/forever/images/product/c058ff0ffb542302d5b1c75cf8658ecd.256p.jpg,ModularNo,ColorBlack
Azza PSAZ-550W,550,Efficiency Rating80+ Bronze,89.6,TypeATX,//cdna.pcpartpicker.com/static/forever/images/product/6f78fc48df682023799aa137d24b1743.256p.jpg,ModularNo,ColorBlack
SAMA GT,650,Efficiency Rating80+ Gold,89.99,TypeATX,//cdna.pcpartpicker.com/static/forever/images/product/99ed51760a854a4d8d5b2c4b304bc1c0.256p.jpg,ModularFull,ColorWhite
SAMA GT,750,Efficiency Rating80+ Gold,89.99,TypeATX,//cdna.pcpartpicker.com/static/forever/images/product/99ed51760a854a4d8d5b2c4b304bc1c0.256p.jpg,ModularFull,ColorWhite
ASRock Challenger CL-750G,750,Efficiency Rating80+ Gold,89.99,TypeATX,//cdna.pcpartpicker.com/static/forever/images/product/c3f4e6f17f3c57992c4cfc1813e07d0e.256p.jpg,ModularNo,ColorBlack
SAMA GT,750,Efficiency Rating80+ Gold,89.99,TypeATX,//cdna.pcpartpicker.com/static/forever/images/product/e81737b03f15f9d68443d480d0e4e2ff.256p.jpg,ModularFull,ColorBlack
GAMDIAS KRATOS M1 B,750,Efficiency Rating80+ Bronze,89.99,TypeATX,//cdna.pcpartpicker.com/static/forever/images/product/7bdcdc33847e0c93aefcd66764e37870.256p.jpg,ModularNo,ColorBlack
FSP Group HEXA 85+ PRO,650,Efficiency Rating80+ Bronze,89.99,TypeATX,https://m.media-amazon.com/images/I/411tR4t-STL.jpg,ModularNo,ColorBlack
NZXT HALE82 V2 550W,550,Efficiency Rating80+ Bronze,89.99,TypeATX,/static/forever/img/no-image.png,ModularFull,Color
ASRock Challenger CL-750B,750,Efficiency Rating80+ Bronze,90.2,TypeATX,//cdna.pcpartpicker.com/static/forever/images/product/2e749fd4d8d5f2bab633401da1a0b3b4.256p.jpg,ModularNo,ColorBlack
MSI MAG A650BN,650,Efficiency Rating80+ Bronze,92.99,TypeATX,//cdna.pcpartpicker.com/static/forever/images/product/3148f884b77b2d7abee3a3e0ad72cf73.256p.jpg,ModularNo,ColorBlack
Segotep GN,650,Efficiency Rating80+ Gold,94.11,TypeATX,https://m.media-amazon.com/images/I/410e35Vh0bL.jpg,ModularNo,ColorBlack
Corsair CX650M (2021),650,Efficiency Rating80+ Bronze,94.99,TypeATX,//cdna.pcpartpicker.com/static/forever/images/product/cd1c62429bd8d83e6d8dc273f0cc179c.256p.jpg,ModularSemi,ColorBlack
SAMA GT,850,Efficiency Rating80+ Gold,94.99,TypeATX,//cdna.pcpartpicker.com/static/forever/images/product/e81737b03f15f9d68443d480d0e4e2ff.256p.jpg,ModularFull,ColorBlack
SAMA GT,850,Efficiency Rating80+ Gold,94.99,TypeATX,//cdna.pcpartpicker.com/static/forever/images/product/b419b2f970d9f21fb98193dd0448d97a.256p.jpg,ModularFull,ColorWhite
EVGA 710 BP,710,Efficiency Rating80+ Bronze,95.0,TypeATX,https://m.media-amazon.com/images/I/51RU8Rf0YXL.jpg,ModularNo,ColorBlack
CoolMax ZX-700,700,Efficiency Rating80+,96.99,TypeATX,https://m.media-amazon.com/images/I/41hcZqZyVJL.jpg,ModularNo,Color
Azza ARGB,650,Efficiency Rating80+ Bronze,99.57,TypeATX,https://m.media-amazon.com/images/I/51pSMRWC8PL.jpg,ModularNo,ColorBlack
Thermaltake TR2 S,600,Efficiency Rating80+,99.74,TypeATX,//cdna.pcpartpicker.com/static/forever/images/product/a2dbc1855aafadffeb4aedfb06e169f9.256p.jpg,ModularNo,ColorBlack
Thermaltake Smart BX1 650,650,Efficiency Rating80+ Bronze,99.99,TypeATX,https://images-na.ssl-images-amazon.com/images/I/41oykKKWjkL.jpg,ModularNo,ColorBlack
FSP Group HEXA 85+ PRO,750,Efficiency Rating80+ Bronze,99.99,TypeATX,/static/forever/img/no-image.png,ModularNo,ColorBlack
Apevia Galaxy,850,Efficiency Rating80+ Gold,103.55,TypeATX,https://m.media-amazon.com/images/I/41nPDROdGZS.jpg,ModularSemi,ColorBlack
SeaSonic S12III,650,Efficiency Rating80+ Bronze,103.95,TypeATX,//cdna.pcpartpicker.com/static/forever/images/product/779d0e1e131d6b129fb788443f95b407.256p.jpg,ModularNo,ColorBlack
Gigabyte P650G,650,Efficiency Rating80+ Gold,104.99,TypeATX,//cdna.pcpartpicker.com/static/forever/images/product/27cd6b6053ee53ff751d09ab574ecd46.256p.jpg,ModularNo,ColorBlack
Corsair CX750M (2021),750,Efficiency Rating80+ Bronze,104.99,TypeATX,//cdna.pcpartpicker.com/static/forever/images/product/e3f5e5e966e562c1ec685b17ed83bccb.256p.jpg,ModularSemi,ColorBlack
Cougar GX-S,550,Efficiency Rating80+ Gold,104.99,TypeATX,//cdna.pcpartpicker.com/static/forever/images/product/4bdddfef7646c3b7f3ab18f88ae286ab.256p.jpg,ModularNo,Color
Silverstone SST-TX300,300,Efficiency Rating80+ Bronze,106.98,TypeTFX,//cdna.pcpartpicker.com/static/forever/images/product/ed4d5da91285cfe1f9360ff41b975c97.256p.jpg,ModularNo,ColorBlack
Corsair CX (2023),750,Efficiency Rating80+ Bronze,107.96,TypeATX,//cdna.pcpartpicker.com/static/forever/images/product/a13b3baedca8b58d4ce5008b7bf5d357.256p.jpg,ModularNo,ColorBlack
MSI MAG A750BN PCIE5,750,Efficiency Rating80+ Bronze,109.71,TypeATX,//cdna.pcpartpicker.com/static/forever/images/product/0e6a8954c4ddd51ffeaac409a3b2f9f7.256p.jpg,ModularNo,ColorBlack
Deepcool PM750D,750,Efficiency Rating80+ Gold,109.88,TypeATX,//cdna.pcpartpicker.com/static/forever/images/product/eac8129c4d4f2b74be408ab713b5e005.256p.jpg,ModularNo,ColorBlack
EVGA 700 BR,700,Efficiency Rating80+ Bronze,109.99,TypeATX,//cdna.pcpartpicker.com/static/forever/images/product/cb871f8cf187922a16a18e53f17366ff.256p.jpg,ModularNo,Color
ASRock Challenger CL-850G,850,Efficiency Rating80+ Gold,109.99,TypeATX,//cdna.pcpartpicker.com/static/forever/images/product/84f7bff711f590ee1addd8f764e2c3d3.256p.jpg,ModularNo,ColorBlack
Apevia ATX-PR850W PCIE5.0,850,Efficiency Rating80+ Gold,110.49,TypeATX,https://m.media-amazon.com/images/I/41kvL9OiozL.jpg,ModularNo,ColorBlack
ASRock Steel Legend SL-650G,650,Efficiency Rating80+ Gold,111.1,TypeATX,//cdna.pcpartpicker.com/static/forever/images/product/3b002e55ed7e54541868c5041da9daa9.256p.jpg,ModularFull,ColorBlack
Apevia Galaxy,650,Efficiency Rating80+ Gold,112.01,TypeATX,https://m.media-amazon.com/images/I/41tTcSFPOyS.jpg,ModularSemi,ColorBlack
be quiet! Pure Power 12,650,Efficiency Rating80+ Gold,112.99,TypeATX,//cdna.pcpartpicker.com/static/forever/images/product/40ab38c15b2b0ac6e8a6e597368c7f57.256p.jpg,ModularNo,ColorBlack
ADATA XPG PYLON,550,Efficiency Rating80+ Bronze,113.2,TypeATX,//cdna.pcpartpicker.com/static/forever/images/product/76460ae84caf54fbc17dbb87fa05a3dd.256p.jpg,ModularNo,ColorBlack
Chieftec GPS-600A8,600,Efficiency Rating80+,118.57,TypeATX,https://images-eu.ssl-images-amazon.com/images/I/51Ip6iunuTL.jpg,ModularNo,Color
MSI MAG A650GL,650,Efficiency Rating80+ Gold,119.99,TypeATX,//cdna.pcpartpicker.com/static/forever/images/product/9fd701005a49816e85072d6ed79c2951.256p.jpg,ModularFull,ColorBlack
Gigabyte UD750GM,750,Efficiency Rating80+ Gold,119.99,TypeATX,//cdna.pcpartpicker.com/static/forever/images/product/3fecb5a05a7f614ab70e1ace80e3baee.256p.jpg,ModularFull,ColorBlack
Thermaltake Smart BM3,750,Efficiency Rating80+ Bronze,119.99,TypeATX,//cdna.pcpartpicker.com/static/forever/images/product/59a8ac87b700bbb5773a2740925f47c1.256p.jpg,ModularSemi,ColorBlack
ASRock Steel Legend SL-750G,750,Efficiency Rating80+ Gold,119.99,TypeATX,//cdna.pcpartpicker.com/static/forever/images/product/8f8de8e95197d5ee3751a8a181e69831.256p.jpg,ModularFull,ColorBlack
Super Flower Zillion FG,850,Efficiency Rating80+ Gold,119.99,TypeATX,//cdna.pcpartpicker.com/static/forever/images/product/d8adb266604520991852450e39838d13.256p.jpg,ModularFull,ColorBlack
be quiet! Pure Power 12,750,Efficiency Rating80+ Gold,122.99,TypeATX,//cdna.pcpartpicker.com/static/forever/images/product/174e867f0b5ac205af84584ad5bf9b96.256p.jpg,ModularNo,ColorBlack
Montech APX,650,Efficiency Rating80+,123.13,TypeATX,https://m.media-amazon.com/images/I/41zLtynJHLL.jpg,ModularNo,ColorBlack
EVGA 600 W1,600,Efficiency Rating80+,123.14,TypeATX,https://m.media-amazon.com/images/I/41LvV7J3OuL.jpg,ModularNo,Color
Cooler Master MWE Gold 850 - V2,850,Efficiency Rating80+ Gold,124.99,TypeATX,//cdna.pcpartpicker.com/static/forever/images/product/01c5294aaa030cd889e3923906b92a10.256p.jpg,ModularFull,ColorBlack
Silverstone Essential,550,Efficiency Rating80+ Gold,125.91,TypeATX,https://images-fe.ssl-images-amazon.com/images/I/511PE5hHeKL.jpg,ModularNo,ColorBlack / Yellow
Silverstone SFX,300,Efficiency Rating80+ Bronze,126.2,TypeSFX,https://images-eu.ssl-images-amazon.com/images/I/51YKrs7LtqL.jpg,ModularNo,ColorBlack
ADATA XPG PYLON,650,Efficiency Rating80+ Bronze,126.75,TypeATX,//cdna.pcpartpicker.com/static/forever/images/product/76460ae84caf54fbc17dbb87fa05a3dd.256p.jpg,ModularNo,ColorBlack
Silverstone Essential,550,Efficiency Rating80+ Bronze,128.69,TypeATX,//cdna.pcpartpicker.com/static/forever/images/product/8e362f9250f1d0c8a620e58dc740c14a.256p.jpg,ModularNo,ColorBlack
SeaSonic SS-300TFX Bronze,300,Efficiency Rating80+ Bronze,128.78,TypeTFX,https://m.media-amazon.com/images/I/51ys3+-6hiL.jpg,ModularNo,ColorSilver
Montech APX,550,Efficiency Rating80+,128.88,TypeATX,https://m.media-amazon.com/images/I/41lzr2jX8RL.jpg,ModularNo,ColorBlack
Thermaltake Smart BX1,750,Efficiency Rating80+ Bronze,129.79,TypeATX,//cdna.pcpartpicker.com/static/forever/images/product/c5e3f4773b45f042fee966c501f6db17.256p.jpg,ModularNo,ColorBlack
FSP Group Hydro G Pro,750,Efficiency Rating80+ Gold,129.88,TypeATX,//cdna.pcpartpicker.com/static/forever/images/product/c0afb28a927574a879db138afde5453e.256p.jpg,ModularFull,ColorBlack
ASRock Steel Legend SL-850G,850,Efficiency Rating80+ Gold,129.99,TypeATX,//cdna.pcpartpicker.com/static/forever/images/product/32248606cf6d469a056d08373860c535.256p.jpg,ModularFull,ColorBlack
ASRock Phantom Gaming PG-750G,750,Efficiency Rating80+ Gold,129.99,TypeATX,//cdna.pcpartpicker.com/static/forever/images/product/05f77e3fcfaedb40ed55bfa5174d914e.256p.jpg,ModularFull,ColorBlack
Thermaltake Smart BM2,750,Efficiency Rating80+ Bronze,129.99,TypeATX,https://m.media-amazon.com/images/I/412Om9NpBbL.jpg,ModularSemi,ColorBlack
Chieftec GPS-700A8,700,Efficiency Rating80+ Bronze,131.35,TypeATX,https://m.media-amazon.com/images/I/41TxkaT+q-L.jpg,ModularNo,ColorBlack / White
SeaSonic CORE GX ATX 3 (2024),750,Efficiency Rating80+ Gold,132.98,TypeATX,//cdna.pcpartpicker.com/static/forever/images/product/0c0d62393e77cdf888840f591ae503e5.256p.jpg,ModularFull,ColorBlack
Thermaltake Toughpower GT,850,Efficiency Rating80+ Gold,133.99,TypeATX,//cdna.pcpartpicker.com/static/forever/images/product/e75330e2013e0c36c9f33df731683563.256p.jpg,ModularFull,ColorWhite
be quiet! Pure Power 12,850,Efficiency Rating80+ Gold,134.99,TypeATX,//cdna.pcpartpicker.com/static/forever/images/product/b43737a5d4e955c807956044ec1b0f07.256p.jpg,ModularNo,ColorBlack
SeaSonic CORE GX ATX 3 (2024),650,Efficiency Rating80+ Gold,135.76,TypeATX,//cdna.pcpartpicker.com/static/forever/images/product/5c6f5c52e83c261e3ae443289bc7a5a4.256p.jpg,ModularFull,ColorBlack
EVGA 600 BR,600,Efficiency Rating80+ Bronze,136.0,TypeATX,//cdna.pcpartpicker.com/static/forever/images/product/1fae6f9231112f3996aa2e7a2d3e862c.256p.jpg,ModularNo,Color
MSI MAG A750GL PCIE5,750,Efficiency Rating80+ Gold,137.97,TypeATX,//cdna.pcpartpicker.com/static/forever/images/product/d8f4d13ba49891eb3929bdddc3d87b4b.256p.jpg,ModularFull,ColorBlack
be quiet! Pure Power 12 M,650,Efficiency Rating80+ Gold,139.99,TypeATX,//cdna.pcpartpicker.com/static/forever/images/product/a5f002fc272830943869012709a5e6a4.256p.jpg,ModularFull,ColorBlack
Cooler Master MWE Gold 750 V3,750,Efficiency Rating80+ Gold,139.99,TypeATX,//cdna.pcpartpicker.com/static/forever/images/product/8a9ee7ac5f05c46c327249997f43188a.256p.jpg,ModularFull,ColorBlack
Thermaltake Smart BM3,850,Efficiency Rating80+ Bronze,139.99,TypeATX,//cdna.pcpartpicker.com/static/forever/images/product/4035fc9d7848a95867f6b82bb2606417.256p.jpg,ModularSemi,ColorBlack
Super Flower Leadex III Gold UP,850,Efficiency Rating80+ Gold,139.99,TypeATX,//cdna.pcpartpicker.com/static/forever/images/product/72e79c9c6bb8b0b3bf0eba2806d3142b.256p.jpg,ModularFull,ColorBlack
FSP Group VITA-750GM,750,Efficiency Rating80+ Gold,139.99,TypeATX,//cdna.pcpartpicker.com/static/forever/images/product/d29304b577cb0ddc88b358a2803d1751.256p.jpg,ModularFull,ColorBlack
Fractal Design Ion+ 560P,560,Efficiency Rating80+ Platinum,139.99,TypeATX,//cdna.pcpartpicker.com/static/forever/images/product/c2a8cbfae3cc72e34af4e829d2d77e32.256p.jpg,ModularFull,ColorBlack
be quiet! Pure Power 12 M,750,Efficiency Rating80+ Gold,142.99,TypeATX,//cdna.pcpartpicker.com/static/forever/images/product/2ca5468038b7443022cee1bb7474a477.256p.jpg,ModularFull,ColorBlack
Segotep GM,850,Efficiency Rating80+ Gold,143.97,TypeATX,https://m.media-amazon.com/images/I/51F777ShQDL.jpg,ModularFull,ColorBlack
Lian Li EDGE GOLD,850,Efficiency Rating80+ Gold,144.14,TypeATX,//cdna.pcpartpicker.com/static/forever/images/product/9a5971cefd086b73cf477e550aed363a.256p.jpg,ModularFull,ColorBlack
Thermaltake TR2 S,700,Efficiency Rating80+,144.86,TypeATX,https://m.media-amazon.com/images/I/51uuHGYKMML.jpg,ModularNo,ColorBlack
Apevia Galaxy,1000,Efficiency Rating80+ Gold,145.02,TypeATX,https://m.media-amazon.com/images/I/418IdrA+ZuS.jpg,ModularSemi,ColorBlack
Lian Li SP750,750,Efficiency Rating80+ Gold,145.29,TypeSFX,//cdna.pcpartpicker.com/static/forever/images/product/db355edbb98f99d3bb64db1cd6a8e179.256p.jpg,ModularFull,ColorWhite
Apevia Prestige,800,Efficiency Rating80+ Gold,145.32,TypeATX,https://m.media-amazon.com/images/I/41WXywVNWGL.jpg,ModularNo,ColorBlack
Antec CSK,650,Efficiency Rating80+ Bronze,146.9,TypeATX,//cdna.pcpartpicker.com/static/forever/images/product/eaf88844dea83c9215031240a243a6b6.256p.jpg,ModularNo,ColorBlack / Yellow
EVGA 850 GQ,850,Efficiency Rating80+ Gold,146.99,TypeATX,//cdna.pcpartpicker.com/static/forever/images/product/6526a44f05968a2e6b238ca552f25ae7.256p.jpg,ModularSemi,Color
Cooler Master MWE Gold 850 V3,850,Efficiency Rating80+ Gold,148.15,TypeATX,//cdna.pcpartpicker.com/static/forever/images/product/ba3f1ee18ce6535b90116201b175bbef.256p.jpg,ModularFull,ColorBlack
Inter-Tech Argus RGB II,500,Efficiency Rating80+ Bronze,148.58,TypeATX,https://m.media-amazon.com/images/I/41siUATjegS.jpg,ModularNo,ColorBlack
Gigabyte UD850GM,850,Efficiency Rating80+ Gold,149.99,TypeATX,//cdna.pcpartpicker.com/static/forever/images/product/2fd893bbd3486b3f2878a98bb949e0bb.256p.jpg,ModularFull,ColorBlack
Lian Li EDGE GOLD,750,Efficiency Rating80+ Gold,149.99,TypeATX,//cdna.pcpartpicker.com/static/forever/images/product/a643cdaa74017b2c39223c6da5372477.256p.jpg,ModularFull,ColorBlack
Fractal Design Ion+ 660P,660,Efficiency Rating80+ Platinum,149.99,TypeATX,//cdna.pcpartpicker.com/static/forever/images/product/858613a28125fded4ae29e8fe2659158.256p.jpg,ModularFull,ColorBlack
Xilence XP750R6.2,750,Efficiency Rating80+,150.38,TypeATX,https://m.media-amazon.com/images/I/41pKUI+XyJL.jpg,ModularNo,ColorBlack
Thermaltake Toughpower GF2 ARGB,650,Efficiency Rating80+ Gold,150.72,TypeATX,https://m.media-amazon.com/images/I/51e9DyngGIL.jpg,ModularFull,ColorBlack
Montech APX,750,Efficiency Rating80+,151.66,TypeATX,https://m.media-amazon.com/images/I/41cEcVaK0QL.jpg,ModularNo,ColorBlack
Asus TUF Gaming 750G,750,Efficiency Rating80+ Gold,151.8,TypeATX,//cdna.pcpartpicker.com/static/forever/images/product/45c889b358290996d7737156b64146c0.256p.jpg,ModularFull,ColorBlack
Lian Li SP,750,Efficiency Rating80+ Gold,153.3,TypeSFX,//cdna.pcpartpicker.com/static/forever/images/product/7a9dedea22aa3c48ba0ae4effe9b21a3.256p.jpg,ModularFull,ColorBlack
Lian Li EDGE GOLD,850,Efficiency Rating80+ Gold,153.3,TypeATX,//cdna.pcpartpicker.com/static/forever/images/product/f3d49f21c4bbc671af07e2be31f23b94.256p.jpg,ModularFull,ColorWhite
be quiet! Pure Power 11,400,Efficiency Rating80+ Gold,154.44,TypeATX,//cdna.pcpartpicker.com/static/forever/images/product/b947717c761b539be4045f28c94c99e8.256p.jpg,ModularNo,ColorBlack
FSP Group VITA-850GM,850,Efficiency Rating80+ Gold,154.99,TypeATX,//cdna.pcpartpicker.com/static/forever/images/product/d29304b577cb0ddc88b358a2803d1751.256p.jpg,ModularFull,ColorBlack
be quiet! Power Zone 2,750,Efficiency Rating80+ Platinum,155.99,TypeATX,//cdna.pcpartpicker.com/static/forever/images/product/d04914d2e55a2b07e07ab7e5ddb1c6e9.256p.jpg,ModularFull,ColorBlack
ASRock Phantom Gaming PG-850G,850,Efficiency Rating80+ Gold,157.98,TypeATX,//cdna.pcpartpicker.com/static/forever/images/product/570c93c20fb5424ff85c5da1f825863f.256p.jpg,ModularFull,ColorBlack
be quiet! Pure Power 12,1000,Efficiency Rating80+ Gold,158.99,TypeATX,//cdna.pcpartpicker.com/static/forever/images/product/158d0a5638c31a4f0783792c3737506a.256p.jpg,ModularNo,ColorBlack
Corsair CXM,750,Efficiency Rating80+ Bronze,159.04,TypeATX,//cdna.pcpartpicker.com/static/forever/images/product/23a8f923c23d6de30026d889136bf175.256p.jpg,ModularSemi,Color
be quiet! Pure Power 12 M,850,Efficiency Rating80+ Gold,159.9,TypeATX,//cdna.pcpartpicker.com/static/forever/images/product/58f82e34238ad2132a69775300daa503.256p.jpg,ModularFull,ColorBlack
MSI MAG A850GL PCIE5,850,Efficiency Rating80+ Gold,159.97,TypeATX,//cdna.pcpartpicker.com/static/forever/images/product/eef1b2e0ab31f6cbcbe01d162f44b952.256p.jpg,ModularFull,ColorWhite
Montech CENTURY II,850,Efficiency Rating80+ Gold,159.98,TypeATX,https://m.media-amazon.com/images/I/41ehLaPDbXL.jpg,ModularFull,ColorBlack
Cooler Master MWE GOLD 750 V2 FULL MODULAR,750,Efficiency Rating80+ Gold,159.98,TypeATX,//cdna.pcpartpicker.com/static/forever/images/product/14006f097772a18096431e1627300499.256p.jpg,ModularFull,ColorBlack
Thermaltake Toughpower GF A3 Snow,850,Efficiency Rating80+ Gold,160.22,TypeATX,//cdna.pcpartpicker.com/static/forever/images/product/f9f65f8de59f21fde47414034b68536c.256p.jpg,ModularFull,ColorWhite
be quiet! Pure Power 13 M,750,Efficiency Rating80+ Gold,160.99,TypeATX,https://m.media-amazon.com/images/I/51NcpqwxV1L.jpg,ModularFull,ColorBlack
Corsair RM850,850,Efficiency Rating80+ Gold,161.96,TypeATX,//cdna.pcpartpicker.com/static/forever/images/product/1752baa3ddb162df098cf33b0b6eeae3.256p.jpg,ModularFull,ColorWhite / Black
In Win P85,850,Efficiency Rating80+ Gold,162.77,TypeATX,https://m.media-amazon.com/images/I/41JKh6pOl2L.jpg,ModularFull,ColorBlack
Thermaltake Toughpower GF1 (2024),850,Efficiency Rating80+ Gold,162.98,TypeATX,//cdna.pcpartpicker.com/static/forever/images/product/1d3c099db66ec0e9f5a65298b5aa5b96.256p.jpg,ModularFull,ColorBlack
ASRock Steel Legend SL-850GW,850,Efficiency Rating80+ Gold,162.98,TypeATX,//cdna.pcpartpicker.com/static/forever/images/product/f0d0913927dbad7a2da55bd5a2100f43.256p.jpg,ModularFull,ColorWhite
EVGA 1000 GQ,1000,Efficiency Rating80+ Gold,162.99,TypeATX,//cdna.pcpartpicker.com/static/forever/images/product/ed2b65163a469142ad0460bcfadf4850.256p.jpg,ModularSemi,Color
CoolMax ZU-1000B,1000,Efficiency Rating80+ Bronze,162.99,TypeATX,https://m.media-amazon.com/images/I/31mL0F6YlGL.jpg,ModularSemi,Color
EVGA 750 GQ,750,Efficiency Rating80+ Gold,163.33,TypeATX,//cdna.pcpartpicker.com/static/forever/images/product/24ef44cdf0bbd6dbfd72bb1bd22f63a5.256p.jpg,ModularSemi,Color
Gigabyte UD850GM PG5 (rev. 2.0),850,Efficiency Rating80+ Gold,163.9,TypeATX,//cdna.pcpartpicker.com/static/forever/images/product/5fcee95f3b93aa8bd881c7aae7bc4e0a.256p.jpg,ModularFull,ColorBlack
Cooler Master MWE White V2 230V,700,Efficiency Rating80+,165.49,TypeATX,//cdna.pcpartpicker.com/static/forever/images/product/25b04bd15445e49122eab536acaee519.256p.jpg,ModularNo,ColorBlack
Silverstone Essential,750,Efficiency Rating80+ Gold,165.71,TypeATX,https://images-fe.ssl-images-amazon.com/images/I/511PE5hHeKL.jpg,ModularNo,ColorBlack / Yellow
Lian Li SP850,850,Efficiency Rating80+ Gold,165.88,TypeSFX,//cdna.pcpartpicker.com/static/forever/images/product/e9b300b7848e40028671ae29d4b07cb8.256p.jpg,ModularFull,ColorBlack
NZXT C750,750,Efficiency Rating80+ Bronze,166.51,TypeATX,https://m.media-amazon.com/images/I/41p5IDJCWlL.jpg,ModularSemi,ColorBlack
Silverstone Essential,550,Efficiency Rating80+ Gold,167.86,TypeATX,https://images-fe.ssl-images-amazon.com/images/I/511OoR096DL.jpg,ModularSemi,ColorBlack
ADATA XPG Core Reactor II,750,Efficiency Rating80+ Gold,168.99,TypeATX,//cdna.pcpartpicker.com/static/forever/images/product/c47f1c0603362227e6188fda6f81c067.256p.jpg,ModularFull,ColorBlack
RAIJINTEK AMPERE,850,Efficiency Rating80+ Platinum,169.0,TypeATX,https://m.media-amazon.com/images/I/41nvFQkjvgL.jpg,ModularFull,ColorBlack
Thermaltake Toughpower GF1 (2024),750,Efficiency Rating80+ Gold,169.98,TypeATX,//cdna.pcpartpicker.com/static/forever/images/product/6ee215a762a575aaa7d2df86c919eb95.256p.jpg,ModularFull,ColorBlack
Corsair RM750,750,Efficiency Rating80+ Gold,169.99,TypeATX,//cdna.pcpartpicker.com/static/forever/images/product/8912b48548fca5ee3606a5d93772928a.256p.jpg,ModularFull,ColorWhite / Black
Super Flower Zillion FG,1250,Efficiency Rating80+ Gold,169.99,TypeATX,//cdna.pcpartpicker.com/static/forever/images/product/d8adb266604520991852450e39838d13.256p.jpg,ModularFull,ColorBlack
Thermaltake Toughpower GF3 TT Premium,750,Efficiency Rating80+ Gold,170.88,TypeATX,//cdna.pcpartpicker.com/static/forever/images/product/1c56a310e3d7c5f406957f424faac6c5.256p.jpg,ModularFull,ColorBlack
MSI MAG A850GL PCIE5,850,Efficiency Rating80+ Gold,171.83,TypeATX,//cdna.pcpartpicker.com/static/forever/images/product/79be60ce3783b8918a1c0940d3e4ff19.256p.jpg,ModularFull,ColorBlack
FSP Group Dagger Pro,650,Efficiency Rating80+ Gold,172.99,TypeSFX,//cdna.pcpartpicker.com/static/forever/images/product/1fe153b2f087d8da28be3cf284d0d68b.256p.jpg,ModularFull,ColorBlack
Asus Prime AP-850G,850,Efficiency Rating80+ Gold,173.76,TypeATX,//cdna.pcpartpicker.com/static/forever/images/product/78e68f418ed5b6051e6e7204102d7094.256p.jpg,ModularFull,ColorWhite / Black
Lian Li SP850,850,Efficiency Rating80+ Gold,173.89,TypeSFX,//cdna.pcpartpicker.com/static/forever/images/product/1c096a9315345f920e4988fc4eda404e.256p.jpg,ModularFull,ColorWhite
Asus TUF Gaming 850G,850,Efficiency Rating80+ Gold,174.99,TypeATX,//cdna.pcpartpicker.com/static/forever/images/product/4f699d87a43e3c59ea964a1bf230301c.256p.jpg,ModularFull,ColorBlack
Corsair RM850x SHIFT,850,Efficiency Rating80+ Gold,174.99,TypeATX,//cdna.pcpartpicker.com/static/forever/images/product/7882f867747759b989aa762208c899ed.256p.jpg,ModularFull / Side,ColorBlack
SeaSonic CORE GX ATX 3 (2024),850,Efficiency Rating80+ Gold,175.03,TypeATX,//cdna.pcpartpicker.com/static/forever/images/product/2a8c5efeb85017829c46d8fe18d71ca6.256p.jpg,ModularFull,ColorBlack
Chieftec Polaris,550,Efficiency Rating80+ Gold,177.01,TypeATX,https://m.media-amazon.com/images/I/41eEOJfqlbL.jpg,ModularFull,ColorBlack
Thermaltake Smart RGB 230V,600,Efficiency Rating80+,177.64,TypeATX,//cdna.pcpartpicker.com/static/forever/images/product/61057e651c9d8030b2a6d8a077aecd22.256p.jpg,ModularNo,ColorBlack
Corsair RM750e (2022),750,Efficiency Rating80+ Gold,179.85,TypeATX,//cdna.pcpartpicker.com/static/forever/images/product/f395e0fdaf74d2e7700fc3834f5ecf98.256p.jpg,ModularFull,ColorBlack
Thermaltake Toughpower GF A3 - TT Premium Edition,1050,Efficiency Rating80+ Gold,179.95,TypeATX,//cdna.pcpartpicker.com/static/forever/images/product/fde35fc1c95bec77a83fb6bebf236edb.256p.jpg,ModularFull,ColorBlack
Thermaltake Toughpower GX3,850,Efficiency Rating80+ Gold,179.98,TypeATX,//cdna.pcpartpicker.com/static/forever/images/product/03cee934ee7fb2e5a45fe58adb3772f3.256p.jpg,ModularNo,ColorBlack
NZXT C850 (2024),850,Efficiency Rating80+ Gold,179.99,TypeATX,//cdna.pcpartpicker.com/static/forever/images/product/c0060ae80a7b71686da1ca92324d0f68.256p.jpg,ModularFull,ColorBlack
Corsair RM750x SHIFT,750,Efficiency Rating80+ Gold,179.99,TypeATX,//cdna.pcpartpicker.com/static/forever/images/product/7882f867747759b989aa762208c899ed.256p.jpg,ModularFull / Side,ColorBlack
Corsair RM650 (2019),650,Efficiency Rating80+ Gold,179.99,TypeATX,//cdna.pcpartpicker.com/static/forever/images/product/ba980adaab9d78bdc3290de17c34073e.256p.jpg,ModularFull,ColorBlack
Asus ROG-STRIX-850G,850,Efficiency Rating80+ Gold,179.99,TypeATX,//cdna.pcpartpicker.com/static/forever/images/product/ed389950ed8edcbe841a379aea923139.256p.jpg,ModularFull,ColorBlack
Super Flower Leadex III Gold UP,1000,Efficiency Rating80+ Gold,179.99,TypeATX,//cdna.pcpartpicker.com/static/forever/images/product/8518dc8b066169771e77870f3a73d3ed.256p.jpg,ModularFull,ColorBlack
Corsair CX450M (2015),450,Efficiency Rating80+ Bronze,180.0,TypeATX,https://m.media-amazon.com/images/I/51yOyAh5xnL.jpg,ModularSemi,Color
be quiet! Power Zone 2,850,Efficiency Rating80+ Platinum,180.99,TypeATX,//cdna.pcpartpicker.com/static/forever/images/product/a2d7bd1f1791322949e2087a850997dd.256p.jpg,ModularFull,ColorBlack
Rosewill CMG850,850,Efficiency Rating80+ Gold,182.52,TypeATX,https://m.media-amazon.com/images/I/41kpwyrL88L.jpg,ModularFull,ColorBlack
Asus ROG Strix,850,Efficiency Rating80+ Gold,184.99,TypeATX,https://m.media-amazon.com/images/I/41E5-YifLvL.jpg,ModularFull,ColorWhite
SeaSonic Focus GX V4 ATX 3 (2024),750,Efficiency Rating80+ Gold,184.99,TypeATX,//cdna.pcpartpicker.com/static/forever/images/product/95e33387277fc0fc6e46c69add179ba1.256p.jpg,ModularFull,ColorWhite
be quiet! Pure Power 13 M,850,Efficiency Rating80+ Gold,185.99,TypeATX,https://m.media-amazon.com/images/I/51NcpqwxV1L.jpg,ModularFull,ColorBlack
Thermaltake Toughpower GF A3 - TT Premium Edition,750,Efficiency Rating80+ Gold,185.99,TypeATX,//cdna.pcpartpicker.com/static/forever/images/product/ad75696f5880e84710e8c64cdaada823.256p.jpg,ModularFull,ColorBlack
Silverstone TX300,300,Efficiency Rating80+ Bronze,187.84,TypeTFX,https://m.media-amazon.com/images/I/51d-oKrpajL.jpg,ModularNo,ColorBlack
Asus ROG Strix Aura Edition,750,Efficiency Rating80+ Gold,188.0,TypeATX,//cdna.pcpartpicker.com/static/forever/images/product/7906b461b9927a788bd19f1ca19ca6e8.256p.jpg,ModularFull,ColorBlack
EVGA 650 B5,650,Efficiency Rating80+ Bronze,189.54,TypeATX,https://m.media-amazon.com/images/I/515XcqQgbAL.jpg,ModularFull,ColorBlack
Corsair RM750 (2019),750,Efficiency Rating80+ Gold,189.68,TypeATX,//cdna.pcpartpicker.com/static/forever/images/product/02951377c9eed1e21fc3d8ba6092717e.256p.jpg,ModularFull,ColorBlack
be quiet! Pure Power 12 M,1000,Efficiency Rating80+ Gold,189.9,TypeATX,//cdna.pcpartpicker.com/static/forever/images/product/02078adf4372cab46e72fc7dc8ff4553.256p.jpg,ModularFull,ColorBlack
Gigabyte UD-GM PG5,850,Efficiency Rating80+ Gold,189.99,TypeATX,//cdna.pcpartpicker.com/static/forever/images/product/71a63db2267f43304efa03516e480eb1.256p.jpg,ModularFull,ColorWhite
FSP Group FSP400-60FGGBA,400,Efficiency Rating80+ Gold,190.01,TypeFlex ATX,https://m.media-amazon.com/images/I/51RM+70bH6L.jpg,ModularNo,ColorSilver
SeaSonic Focus GX V4 ATX 3 (2024),750,Efficiency Rating80+ Gold,190.74,TypeATX,//cdna.pcpartpicker.com/static/forever/images/product/5595266ca881fcc6e5296037a601f47d.256p.jpg,ModularFull,ColorBlack
Thermaltake Toughpower GF A3 - TT Premium Edition,850,Efficiency Rating80+ Gold,190.88,TypeATX,//cdna.pcpartpicker.com/static/forever/images/product/3ef3786cf13096d367d314e5498fffc2.256p.jpg,ModularFull,ColorBlack
Corsair TX550M Gold,550,Efficiency Rating80+ Gold,191.51,TypeATX,https://images-na.ssl-images-amazon.com/images/I/41z3I3BNcfL.jpg,ModularSemi,Color
MSI MPG A1000G,1000,Efficiency Rating80+ Gold,192.76,TypeATX,//cdna.pcpartpicker.com/static/forever/images/product/f01f2f153ab94837a8a30dd45d93935a.256p.jpg,ModularFull,ColorBlack
Gigabyte UD-GM PG5,750,Efficiency Rating80+ Gold,193.11,TypeATX,//cdna.pcpartpicker.com/static/forever/images/product/49197507b4f14b631967e6162e757357.256p.jpg,ModularFull,ColorBlack
Lian Li EDGE GOLD,1000,Efficiency Rating80+ Gold,193.34,TypeATX,//cdna.pcpartpicker.com/static/forever/images/product/6cd392c0ddcb76b70bdf0b6ed14e34ca.256p.jpg,ModularFull,ColorWhite
Silverstone Essential,750,Efficiency Rating80+ Gold,194.59,TypeATX,https://m.media-amazon.com/images/I/511OoR096DL.jpg,ModularSemi,ColorBlack / Blue
Lian Li EDGE GOLD,1000,Efficiency Rating80+ Gold,196.77,TypeATX,//cdna.pcpartpicker.com/static/forever/images/product/849f751a4ea67f2ed2cfd4ab47fb23eb.256p.jpg,ModularFull,ColorBlack
Corsair RM650x (2018),650,Efficiency Rating80+ Gold,197.9,TypeATX,//cdna.pcpartpicker.com/static/forever/images/product/c6df4edbb596b2818cd0c5e204fb3df3.256p.jpg,ModularFull,ColorBlack / Silver
Thermaltake Toughpower GF1 PE,850,Efficiency Rating80+ Gold,199.36,TypeATX,//cdna.pcpartpicker.com/static/forever/images/product/134c2df91872591a7ab32387f3aa5a1b.256p.jpg,ModularFull,ColorBlack
Corsair RM750,750,Efficiency Rating80+ Gold,199.41,TypeATX,//cdna.pcpartpicker.com/static/forever/images/product/ba1237e2349bec09bccff4016facca23.256p.jpg,ModularFull,ColorBlack
be quiet! System Power 9 CM,400,Efficiency Rating80+ Bronze,199.71,TypeATX,//cdna.pcpartpicker.com/static/forever/images/product/c7615ed81c90d3e051aca4d771cc78fb.256p.jpg,ModularSemi,ColorBlack
Corsair RM850e (2022),850,Efficiency Rating80+ Gold,199.88,TypeATX,//cdna.pcpartpicker.com/static/forever/images/product/237b36018991e28d227eaa0158bd0425.256p.jpg,ModularFull,ColorBlack
MSI MPG A850G PCIE5,850,Efficiency Rating80+ Gold,199.99,TypeATX,//cdna.pcpartpicker.com/static/forever/images/product/5bff625e69da1c7069c73f477b42ca41.256p.jpg,ModularFull,ColorBlack
Corsair RM750x SHIFT,750,Efficiency Rating80+ Gold,199.99,TypeATX,//cdna.pcpartpicker.com/static/forever/images/product/538f621aadcabc4d3a2a09a02d4df153.256p.jpg,ModularFull / Side,ColorWhite
ASRock Phantom Gaming PG-1000G,1000,Efficiency Rating80+ Gold,199.99,TypeATX,//cdna.pcpartpicker.com/static/forever/images/product/e1ea936c39d4f53dcabaa388ba82ff07.256p.jpg,ModularFull,ColorBlack
Super Flower LEADEX VII XG,1000,Efficiency Rating80+ Gold,199.99,TypeATX,//cdna.pcpartpicker.com/static/forever/images/product/1e617d05abd44c115115a1bb69de33b8.256p.jpg,ModularFull,ColorWhite
FSP Group VITA-1000GM,1000,Efficiency Rating80+ Gold,199.99,TypeATX,//cdna.pcpartpicker.com/static/forever/images/product/d29304b577cb0ddc88b358a2803d1751.256p.jpg,ModularFull,ColorBlack
Super Flower Zillion FG,1050,Efficiency Rating80+ Gold,199.99,TypeATX,//cdna.pcpartpicker.com/static/forever/images/product/7ca08574210884ec7e77eb2fbd3dc92f.256p.jpg,ModularFull,ColorBlack
Cougar GEX X2,850,Efficiency Rating80+ Gold,199.99,TypeATX,https://m.media-amazon.com/images/I/61w9VDsc8TL.jpg,ModularFull,ColorBlack
SHARKOON SilentStorm,450,Efficiency Rating80+ Bronze,200.15,TypeSFX,https://m.media-amazon.com/images/I/61t5tLXqPOL.jpg,ModularNo,ColorBlack
FSP Group FSP300-60LG-5K,300,Efficiency Rating80+ Bronze,201.19,TypeFlex ATX,https://images-eu.ssl-images-amazon.com/images/I/413Go7ruwJL.jpg,ModularNo,ColorSilver
Silverstone Extreme 500 Bronze,500,Efficiency Rating80+ Bronze,203.22,TypeSFX,//cdna.pcpartpicker.com/static/forever/images/product/c6a047e41887e5fd4831a6c91d4e9184.256p.jpg,ModularNo,ColorBlack / White
Asus TUF Gaming 1000G,1000,Efficiency Rating80+ Gold,203.5,TypeATX,//cdna.pcpartpicker.com/static/forever/images/product/06eac4dd425e5a1d1e70735068c47072.256p.jpg,ModularFull,ColorBlack
RAIJINTEK AMPERE,1000,Efficiency Rating80+ Platinum,204.0,TypeATX,https://m.media-amazon.com/images/I/41998+pxBSL.jpg,ModularFull,ColorBlack
Chieftec Polaris,650,Efficiency Rating80+ Gold,204.23,TypeATX,https://m.media-amazon.com/images/I/41VMHjYnjKL.jpg,ModularFull,ColorBlack
EVGA SuperNOVA 750 GT,750,Efficiency Rating80+ Gold,204.29,TypeATX,https://m.media-amazon.com/images/I/41f+bfJdt8L.jpg,ModularFull,ColorBlack
be quiet! Power Zone 2,1000,Efficiency Rating80+ Platinum,204.99,TypeATX,//cdna.pcpartpicker.com/static/forever/images/product/838e53fd8b582b17bbac83fab611f118.256p.jpg,ModularFull,ColorBlack
MSI A1000G PCIE5,1000,Efficiency Rating80+ Gold,205.0,TypeATX,//cdna.pcpartpicker.com/static/forever/images/product/f4ba2af40fa30a597244521a441515b5.256p.jpg,ModularFull,ColorBlack
Rosewill Green,430,Efficiency Rating80+,205.86,TypeATX,https://images-na.ssl-images-amazon.com/images/I/412BsFRwmgL.jpg,ModularNo,Color
Corsair RM750x (2018),750,Efficiency Rating80+ Gold,205.89,TypeATX,//cdna.pcpartpicker.com/static/forever/images/product/b4a2d3f62255a1c35fd45aa3273c5173.256p.jpg,ModularFull,ColorBlack
Cooler Master MWE Bronze V2,750,Efficiency Rating80+ Bronze,208.05,TypeATX,//cdna.pcpartpicker.com/static/forever/images/product/c69f827e9fced5699ba7faaba6e73512.256p.jpg,ModularNo,ColorBlack
Silverstone FX350-G,350,Efficiency Rating80+ Gold,208.97,TypeFlex ATX,https://m.media-amazon.com/images/I/51C+mckVn5L.jpg,ModularNo,ColorBlack
ASRock Steel Legend SL-1000G,1000,Efficiency Rating80+ Gold,208.99,TypeATX,//cdna.pcpartpicker.com/static/forever/images/product/0831b235eea9461d59da3b218e57f673.256p.jpg,ModularFull,ColorBlack
Montech CENTURY II,1200,Efficiency Rating80+ Gold,209.98,TypeATX,//cdna.pcpartpicker.com/static/forever/images/product/f973a0374020c80c5fb0199771036a12.256p.jpg,ModularFull,ColorBlack
MSI MPG A850GS PCIE5,850,Efficiency Rating80+ Gold,209.99,TypeATX,//cdna.pcpartpicker.com/static/forever/images/product/e30f8fbb357a16391b3a15586b9aaec4.256p.jpg,ModularFull,ColorBlack
Super Flower LEADEX VII Platinum PRO,1000,Efficiency Rating80+ Platinum,209.99,TypeATX,//cdna.pcpartpicker.com/static/forever/images/product/8c2829b9a24bc87b620fa4be377b8d69.256p.jpg,ModularFull,ColorBlack
ASRock Steel Legend SL-1000GW,1000,Efficiency Rating80+ Gold,209.99,TypeATX,//cdna.pcpartpicker.com/static/forever/images/product/6d1d63aca3da04d6875b5c13ca7212fc.256p.jpg,ModularFull,ColorWhite
Cooler Master V750 Gold i,750,Efficiency Rating80+ Gold,209.99,TypeATX,//cdna.pcpartpicker.com/static/forever/images/product/2f8ca117f2afe0b3a6818cde1624b8d4.256p.jpg,ModularFull,ColorBlack / Gold
EVGA 850 BQ,850,Efficiency Rating80+ Bronze,211.05,TypeATX,//cdna.pcpartpicker.com/static/forever/images/product/02d101ec2b2520ba9648d2fe5226d019.256p.jpg,ModularSemi,Color
Inter-Tech Argus RGB CM II,650,Efficiency Rating80+ Gold,211.2,TypeATX,//cdna.pcpartpicker.com/static/forever/images/product/d0ad7042434a80974e32f22883483a2f.256p.jpg,ModularSemi,ColorBlack
Antec NE1000G M White ATX 3.0,1000,Efficiency Rating80+ Gold,212.99,TypeATX,//cdna.pcpartpicker.com/static/forever/images/product/b6d27806261945cf56ad666dd4e451de.256p.jpg,ModularFull,ColorWhite
"FSP Group Hydro PTM X PRO,Gen5",850,Efficiency Rating80+ Platinum,214.18,TypeATX,//cdna.pcpartpicker.com/static/forever/images/product/5459db4414226b0450707c48a3b5fac3.256p.jpg,ModularFull,ColorBlack
NZXT C850 (2024),850,Efficiency Rating80+ Gold,214.99,TypeATX,//cdna.pcpartpicker.com/static/forever/images/product/364e60bcdf53b659caa2e3d41bad0f80.256p.jpg,ModularFull,ColorWhite
Cooler Master V850 SFX GOLD,850,Efficiency Rating80+ Gold,215.89,TypeSFX,//cdna.pcpartpicker.com/static/forever/images/product/06ebd1caff0c0f63980f87e800a58812.256p.jpg,ModularFull,ColorWhite
Cooler Master V850 SFX GOLD,850,Efficiency Rating80+ Gold,215.99,TypeSFX,//cdna.pcpartpicker.com/static/forever/images/product/bd2577c6ecabce9f78526a09410351e0.256p.jpg,ModularFull,ColorBlack
SeaSonic Focus GX V4 ATX 3 (2024),850,Efficiency Rating80+ Gold,216.55,TypeATX,//cdna.pcpartpicker.com/static/forever/images/product/5595266ca881fcc6e5296037a601f47d.256p.jpg,ModularFull,ColorBlack
be quiet! Pure Power 13 M,1000,Efficiency Rating80+ Gold,216.99,TypeATX,https://m.media-amazon.com/images/I/51NcpqwxV1L.jpg,ModularFull,ColorBlack
Lian Li EDGE,1000,Efficiency Rating80+ Platinum,217.36,TypeATX,//cdna.pcpartpicker.com/static/forever/images/product/2b6505f267e91c686ae87e596ed59260.256p.jpg,ModularFull,ColorBlack
Cooler Master V750 SFX GOLD,750,Efficiency Rating80+ Gold,217.98,TypeSFX,//cdna.pcpartpicker.com/static/forever/images/product/cf7a8ae258b039ec78859d56cb2a9564.256p.jpg,ModularFull,ColorBlack
Super Flower LEADEX VII Platinum PRO,850,Efficiency Rating80+ Platinum,217.98,TypeATX,//cdna.pcpartpicker.com/static/forever/images/product/8c2829b9a24bc87b620fa4be377b8d69.256p.jpg,ModularFull,ColorBlack
Gigabyte UD1000GM PG5 (rev. 2.0),1000,Efficiency Rating80+ Gold,218.9,TypeATX,//cdna.pcpartpicker.com/static/forever/images/product/57c3b482e6f4ab64bb5406715273ca8a.256p.jpg,ModularFull,ColorBlack
Gigabyte UD1000GM,1000,Efficiency Rating80+ Gold,218.9,TypeATX,//cdna.pcpartpicker.com/static/forever/images/product/36a1106bfef38acdd03cdaf5ba5c8a08.256p.jpg,ModularFull,ColorBlack
EVGA SuperNOVA 750 G5,750,Efficiency Rating80+ Gold,219.0,TypeATX,//cdna.pcpartpicker.com/static/forever/images/product/2962078ca09cdf6f4c8e9f99c01cfe4a.256p.jpg,ModularFull,ColorBlack / Green
Silverstone Strider,700,Efficiency Rating80+ Bronze,219.07,TypeATX,//cdna.pcpartpicker.com/static/forever/images/product/1c67c04fa7b0dd4899ceeb72a95c12f5.256p.jpg,ModularFull,Color
Thermaltake Toughpower GF A3 Snow,1050,Efficiency Rating80+ Gold,219.45,TypeATX,//cdna.pcpartpicker.com/static/forever/images/product/f8517a9b576c3320af532ce509a9efc3.256p.jpg,ModularFull,ColorWhite
Thermaltake Toughpower GF3 TT Premium,850,Efficiency Rating80+ Gold,219.54,TypeATX,//cdna.pcpartpicker.com/static/forever/images/product/1fec713c4a2ff56951d81112d8508171.256p.jpg,ModularFull,ColorBlack
Lian Li EDGE GOLD,1200,Efficiency Rating80+ Gold,219.65,TypeATX,//cdna.pcpartpicker.com/static/forever/images/product/56bd324b5bd00d1f686df673c4fb529e.256p.jpg,ModularFull,ColorWhite
Lian Li EDGE GOLD,1200,Efficiency Rating80+ Gold,219.65,TypeATX,//cdna.pcpartpicker.com/static/forever/images/product/b584f337a037ee95efe26b3c208c5144.256p.jpg,ModularFull,ColorBlack
NZXT C1000 (2024),1000,Efficiency Rating80+ Gold,219.99,TypeATX,//cdna.pcpartpicker.com/static/forever/images/product/b4b18aa0b5be85db9ae15621bee38be7.256p.jpg,ModularFull,ColorBlack
Antec NE1000G M ATX3.0,1000,Efficiency Rating80+ Gold,219.99,TypeATX,https://m.media-amazon.com/images/I/51tDk3PeVkL.jpg,ModularFull,ColorBlack
SeaSonic Focus GX V4 ATX 3 (2024),850,Efficiency Rating80+ Gold,222.16,TypeATX,//cdna.pcpartpicker.com/static/forever/images/product/c47adb16cfeb519bade71008c258af92.256p.jpg,ModularFull,ColorWhite
Lian Li EDGE,1000,Efficiency Rating80+ Platinum,225.37,TypeATX,//cdna.pcpartpicker.com/static/forever/images/product/0f7d3cf44d7b3628c00c65f3f476d52e.256p.jpg,ModularFull,ColorWhite
Rosewill CFZ,750,Efficiency Rating80+ Bronze,225.41,TypeATX,//cdna.pcpartpicker.com/static/forever/images/product/d6fcaeb0984a4d7720de97d450086783.256p.jpg,ModularSemi,ColorBlack
be quiet! System Power 9 500 CM,500,Efficiency Rating80+ Bronze,225.98,TypeATX,//cdna.pcpartpicker.com/static/forever/images/product/6bdaac89a1675f66238a17335eb22cd6.256p.jpg,ModularSemi,ColorBlack
SeaSonic SS-600ES,600,Efficiency Rating80+ Bronze,227.26,TypeATX,//cdna.pcpartpicker.com/static/forever/images/product/6ec3f9d0b0d7ae18e60ae9ccd0985872.256p.jpg,ModularNo,ColorGray
Asus ROG Strix,1000,Efficiency Rating80+ Platinum,227.34,TypeATX,//cdna.pcpartpicker.com/static/forever/images/product/68d59d4cd47252cb8074986bac2f0cb8.256p.jpg,ModularFull,ColorBlack
Cooler Master V750 SFX GOLD,750,Efficiency Rating80+ Gold,227.98,TypeSFX,//cdna.pcpartpicker.com/static/forever/images/product/c4f28da151e816cab55dc880fa959845.256p.jpg,ModularFull,ColorWhite
Antec NE1300G M ATX3.0,1300,Efficiency Rating80+ Gold,228.0,TypeATX,https://m.media-amazon.com/images/I/51tDk3PeVkL.jpg,ModularFull,ColorBlack
Corsair RM850x (2018),850,Efficiency Rating80+ Gold,228.57,TypeATX,https://m.media-amazon.com/images/I/51Ax0tT-ewL.jpg,ModularFull,ColorBlack
Thermaltake Toughpower GF1 ARGB,750,Efficiency Rating80+ Gold,228.57,TypeATX,//cdna.pcpartpicker.com/static/forever/images/product/1c8de6a74ea9a52f3ad7f11dfad34751.256p.jpg,ModularFull,Color
Cougar GEX,1050,Efficiency Rating80+ Gold,228.85,TypeATX,//cdna.pcpartpicker.com/static/forever/images/product/3e8e03a49bcfcec9358f0e80e3aa97cc.256p.jpg,ModularFull,ColorBlack
SeaSonic VERTEX GX-850,850,Efficiency Rating80+ Gold,228.89,TypeATX,//cdna.pcpartpicker.com/static/forever/images/product/51419499a1bcb01da5cd42e00a08973e.256p.jpg,ModularFull,ColorBlack / Silver
Corsair RM850 (2019),850,Efficiency Rating80+ Gold,229.29,TypeATX,//cdna.pcpartpicker.com/static/forever/images/product/3890f047bb5f8abb3f887ee40d27867e.256p.jpg,ModularFull,ColorBlack
Corsair SF750 (2024),750,Efficiency Rating80+ Platinum,229.99,TypeSFX,//cdna.pcpartpicker.com/static/forever/images/product/e297517330e5a91ec38e95b9377df1a0.256p.jpg,ModularFull,ColorBlack
MSI MPG A1000GS PCIE5,1000,Efficiency Rating80+ Gold,229.99,TypeATX,//cdna.pcpartpicker.com/static/forever/images/product/e30f8fbb357a16391b3a15586b9aaec4.256p.jpg,ModularFull,ColorBlack
Corsair RM850,850,Efficiency Rating80+ Gold,229.99,TypeATX,//cdna.pcpartpicker.com/static/forever/images/product/66dbe902337399e341f967959693cdb8.256p.jpg,ModularFull,ColorBlack
Super Flower Leadex V Pro,1000,Efficiency Rating80+ Platinum,229.99,TypeATX,//cdna.pcpartpicker.com/static/forever/images/product/2b50c32982ce29f2a5596bf10383322f.256p.jpg,ModularFull,ColorWhite
MSI MAG A1000GL PCIE5,1000,Efficiency Rating80+ Gold,231.99,TypeATX,//cdna.pcpartpicker.com/static/forever/images/product/d341970c610a68f6188dd0c370743769.256p.jpg,ModularFull,ColorBlack
Super Flower LEADEX VII XG,850,Efficiency Rating80+ Gold,232.98,TypeATX,//cdna.pcpartpicker.com/static/forever/images/product/9a2a26333f0bbcb4d60377c747686cb4.256p.jpg,ModularFull,ColorBlack
be quiet! TFX Power 3 300,300,Efficiency Rating80+ Gold,233.49,TypeTFX,//cdna.pcpartpicker.com/static/forever/images/product/26f4e1e59c28ce6c0a4dd6e61845d41a.256p.jpg,ModularNo,ColorBlack
Silverstone Strider Platinum,650,Efficiency Rating80+ Platinum,233.64,TypeATX,https://m.media-amazon.com/images/I/51j1PX+hLwL.jpg,ModularFull,Color
Corsair SF850L,850,Efficiency Rating80+ Gold,234.99,TypeSFX,//cdna.pcpartpicker.com/static/forever/images/product/d5e4643306487f67e242fb7fc484f7b8.256p.jpg,ModularFull,ColorBlack
Silverstone SFX,500,Efficiency Rating80+ Gold,237.15,TypeSFX,//cdna.pcpartpicker.com/static/forever/images/product/25aa74d682bfbb478cc7089f30086e4b.256p.jpg,ModularFull,ColorBlack
be quiet! Pure Power 12 M,1200,Efficiency Rating80+ Gold,237.86,TypeATX,//cdna.pcpartpicker.com/static/forever/images/product/9423467940fb7db90ff47c5fa315a309.256p.jpg,ModularFull,ColorBlack
Super Flower LEADEX VII XG,1000,Efficiency Rating80+ Gold,237.98,TypeATX,//cdna.pcpartpicker.com/static/forever/images/product/9a2a26333f0bbcb4d60377c747686cb4.256p.jpg,ModularFull,ColorBlack
FSP Group FSP300-60LG,300,Efficiency Rating80+ Bronze,238.44,TypeMini ITX,https://images-na.ssl-images-amazon.com/images/I/411h-PthHzL.jpg,ModularNo,ColorBlack
Corsair RM850x (2021),850,Efficiency Rating80+ Gold,239.89,TypeATX,//cdna.pcpartpicker.com/static/forever/images/product/4f19c6453ce4ebe67091e6d9735f3a19.256p.jpg,ModularFull,ColorBlack
Montech TITAN PLA,750,Efficiency Rating80+ Platinum,239.98,TypeATX,//cdna.pcpartpicker.com/static/forever/images/product/82e5b78b3a3350f267109a937680844e.256p.jpg,ModularFull,ColorWhite
Corsair RM850x SHIFT,850,Efficiency Rating80+ Gold,239.99,TypeATX,//cdna.pcpartpicker.com/static/forever/images/product/a6cedc8c48e1ab371cc0c2f4aba3f76d.256p.jpg,ModularFull / Side,ColorWhite
Super Flower LEADEX VII XG,1300,Efficiency Rating80+ Gold,239.99,TypeATX,//cdna.pcpartpicker.com/static/forever/images/product/9a2a26333f0bbcb4d60377c747686cb4.256p.jpg,ModularFull,ColorBlack
EVGA 850 B5,850,Efficiency Rating80+ Bronze,240.25,TypeATX,https://m.media-amazon.com/images/I/51UyDWC5Y8L.jpg,ModularFull,ColorBlack
Thermaltake Toughpower PF3-L,850,Efficiency Rating80+ Platinum,240.35,TypeATX,//cdna.pcpartpicker.com/static/forever/images/product/f97aa545f65369fdb83c44d1b79f423e.256p.jpg,ModularFull,ColorBlack
Thermaltake Toughpower iRGB PLUS 750,750,Efficiency Rating80+ Gold,241.5,TypeATX,//cdna.pcpartpicker.com/static/forever/images/product/36c3f2162cb7c105b5aceb9d291a4ccc.256p.jpg,ModularFull,ColorBlack
EVGA 700 GD,700,Efficiency Rating80+ Gold,241.53,TypeATX,//cdna.pcpartpicker.com/static/forever/images/product/f8c1ad47e393d4f927d010643c61bc8e.256p.jpg,ModularNo,ColorBlack
Inter-Tech Argus RGB II,700,Efficiency Rating80+ Bronze,241.69,TypeATX,https://m.media-amazon.com/images/I/41e4M64IRTS.jpg,ModularNo,ColorBlack
Silverstone ST75F-GS-V3,750,Efficiency Rating80+ Gold,242.1,TypeATX,https://m.media-amazon.com/images/I/51hx-kcJoAL.jpg,ModularFull,ColorBlack
be quiet! SFX Power 3 450,450,Efficiency Rating80+ Bronze,243.16,TypeSFX,//cdna.pcpartpicker.com/static/forever/images/product/6f22b32ac4c2844cc76bbee6ef798d01.256p.jpg,ModularNo,ColorBlack
be quiet! Dark Power 13,750,Efficiency Rating80+ Titanium,243.99,TypeATX,//cdna.pcpartpicker.com/static/forever/images/product/cdf44697dff8d74746dfef9bb2175029.256p.jpg,ModularFull,ColorBlack
Rosewill PMG750,750,Efficiency Rating80+ Gold,244.17,TypeATX,https://m.media-amazon.com/images/I/51GiqyALi1L.jpg,ModularFull,ColorBlack
Corsair RM1000e (2023),1000,Efficiency Rating80+ Gold,244.99,TypeATX,//cdna.pcpartpicker.com/static/forever/images/product/ce27e414f67e9e8786401e4260bb85fa.256p.jpg,ModularFull,ColorBlack
Corsair SF1000L,1000,Efficiency Rating80+ Gold,244.99,TypeSFX,//cdna.pcpartpicker.com/static/forever/images/product/69f41efe6700ccf556fc1169e8dae4ce.256p.jpg,ModularFull,ColorBlack
FSP Group FSP450-60GHS(85)-R,450,Efficiency Rating80+ Bronze,245.89,TypeSFX,https://m.media-amazon.com/images/I/41dQal3rAHL.jpg,ModularNo,ColorBlack
EVGA 650 BQ,650,Efficiency Rating80+ Bronze,247.74,TypeATX,https://m.media-amazon.com/images/I/51qTcBIn0hL.jpg,ModularSemi,Color
Cougar GEX X2,1000,Efficiency Rating80+ Gold,247.99,TypeATX,//cdna.pcpartpicker.com/static/forever/images/product/6e93eac4100c5e04cb874cd223308434.256p.jpg,ModularFull,ColorBlack
Gigabyte UD1000GM PG5,1000,Efficiency Rating80+ Gold,249.15,TypeATX,//cdna.pcpartpicker.com/static/forever/images/product/c84118960c20f8774ce1496513c2f98a.256p.jpg,ModularFull,ColorBlack
Corsair SF850 (2024),850,Efficiency Rating80+ Platinum,249.99,TypeSFX,//cdna.pcpartpicker.com/static/forever/images/product/016556184725a9604ae50e789f12b12c.256p.jpg,ModularFull,ColorBlack
Corsair RM850e (2023),850,Efficiency Rating80+ Gold,249.99,TypeATX,//cdna.pcpartpicker.com/static/forever/images/product/74e6caafd69bcc53d6e5060a3249248d.256p.jpg,ModularFull,ColorBlack
Corsair RM1000x SHIFT,1000,Efficiency Rating80+ Gold,249.99,TypeATX,//cdna.pcpartpicker.com/static/forever/images/product/38942a1637e7445c59b8a274492115a5.256p.jpg,ModularFull / Side,ColorBlack
ASRock Phantom Gaming PG-1300G,1300,Efficiency Rating80+ Gold,249.99,TypeATX,//cdna.pcpartpicker.com/static/forever/images/product/81ff33640313ce97969d63adec878baf.256p.jpg,ModularFull,ColorBlack
FSP Group Hydro PTM X PRO,850,Efficiency Rating80+ Platinum,249.99,TypeATX,/static/forever/img/no-image.png,ModularFull,ColorBlack
Inter-Tech Argus RGB CM II,750,Efficiency Rating80+ Gold,253.14,TypeATX,//cdna.pcpartpicker.com/static/forever/images/product/f42511ab13957f90e939d7284e326d48.256p.jpg,ModularSemi,ColorBlack
Inter-Tech Argus RGB II,600,Efficiency Rating80+ Bronze,254.47,TypeATX,https://m.media-amazon.com/images/I/41e4M64IRTS.jpg,ModularNo,ColorBlack
NZXT C1200 (2024),1200,Efficiency Rating80+ Gold,254.99,TypeATX,//cdna.pcpartpicker.com/static/forever/images/product/c738e40268a79b636c158d4532785b6d.256p.jpg,ModularFull,ColorBlack
Silverstone ST85F-GS-V2,850,Efficiency Rating80+ Gold,254.99,TypeATX,https://m.media-amazon.com/images/I/51ycPIhE-bL.jpg,ModularFull,Color
Thermaltake Toughpower GF A3 - TT Premium Edition,1200,Efficiency Rating80+ Gold,255.99,TypeATX,//cdna.pcpartpicker.com/static/forever/images/product/39fbd9bb89a1cbf13d5e3da8a3a27af5.256p.jpg,ModularFull,ColorBlack
Chieftec ATMOS,750,Efficiency Rating80+ Gold,256.48,TypeATX,//cdna.pcpartpicker.com/static/forever/images/product/25b431e9126603cfc7f85735002703a6.256p.jpg,ModularFull,ColorBlack
Silverstone SFX,450,Efficiency Rating80+ Bronze,258.41,TypeSFX,https://images-eu.ssl-images-amazon.com/images/I/51YKrs7LtqL.jpg,ModularNo,ColorBlack
Montech TITAN PLA,850,Efficiency Rating80+ Platinum,259.98,TypeATX,//cdna.pcpartpicker.com/static/forever/images/product/82e5b78b3a3350f267109a937680844e.256p.jpg,ModularFull,ColorWhite
Asus ROG LOKI,750,Efficiency Rating80+ Platinum,259.99,TypeSFX,//cdna.pcpartpicker.com/static/forever/images/product/0e997c3c3c311e827733420a531bf5c9.256p.jpg,ModularFull,ColorBlack / Silver
Super Flower LEADEX VII Platinum PRO,1200,Efficiency Rating80+ Platinum,259.99,TypeATX,//cdna.pcpartpicker.com/static/forever/images/product/83ec4c529f96ebd53780ae5a13edc876.256p.jpg,ModularFull,ColorWhite
Asus ROG Strix Aura Edition,850,Efficiency Rating80+ Gold,259.99,TypeATX,//cdna.pcpartpicker.com/static/forever/images/product/d34715edb6ef709640c66db11ee0f0d1.256p.jpg,ModularFull,ColorBlack
Corsair CX550F,550,Efficiency Rating80+ Bronze,259.99,TypeATX,//cdna.pcpartpicker.com/static/forever/images/product/fd4dd3c80698fbc02fbe7990598aec90.256p.jpg,ModularFull,ColorBlack
Cooler Master V850 Gold i,850,Efficiency Rating80+ Gold,259.99,TypeATX,https://m.media-amazon.com/images/I/51dAianAwDL.jpg,ModularFull,ColorBlack / Gold
Asus ROG Strix Aura Edition,1000,Efficiency Rating80+ Gold,261.8,TypeATX,//cdna.pcpartpicker.com/static/forever/images/product/dcb88c69748aad75d09d3be2529a8080.256p.jpg,ModularFull,ColorBlack
Lian Li EDGE,1300,Efficiency Rating80+ Platinum,263.12,TypeATX,//cdna.pcpartpicker.com/static/forever/images/product/29833e8353ae67f63a7df509ec4a6367.256p.jpg,ModularFull,ColorBlack
1STPLAYER NGDP ATX 3.0,1300,Efficiency Rating80+ Platinum,264.86,TypeATX,https://m.media-amazon.com/images/I/41+Z5fFvOoL.jpg,ModularFull,ColorBlack
Deepcool PX1000P,1000,Efficiency Rating80+ Platinum,264.88,TypeATX,//cdna.pcpartpicker.com/static/forever/images/product/6e24c6b0dfc0c8afd87d5677d951b413.256p.jpg,ModularFull,ColorBlack / Silver
be quiet! Straight Power 12,750,Efficiency Rating80+ Platinum,264.98,TypeATX,//cdna.pcpartpicker.com/static/forever/images/product/64bedfcd6c904c42841806e4673c611f.256p.jpg,ModularFull,ColorBlack
SeaSonic Focus GX V4 ATX 3 (2024),1000,Efficiency Rating80+ Gold,267.04,TypeATX,//cdna.pcpartpicker.com/static/forever/images/product/4bbfa7511d6ffe257ac933789dfdadf7.256p.jpg,ModularFull,ColorBlack
Fractal Design Ion Gold,850,Efficiency Rating80+ Gold,268.35,TypeATX,https://m.media-amazon.com/images/I/41KBXm1EYsS.jpg,ModularFull,ColorBlack
Cooler Master XG750 Plus,750,Efficiency Rating80+ Platinum,269.0,TypeATX,https://m.media-amazon.com/images/I/51HR6hLHoVL.jpg,ModularFull,ColorBlack
Corsair RM1000e (2022),1000,Efficiency Rating80+ Gold,269.19,TypeATX,//cdna.pcpartpicker.com/static/forever/images/product/46c4b5b61ad3f8ed2688995b85520a68.256p.jpg,ModularFull,ColorBlack
MSI MAG A1250GL PCIE5,1250,Efficiency Rating80+ Gold,269.99,TypeATX,//cdna.pcpartpicker.com/static/forever/images/product/4892c7a4ba21f50538ec1ae0e18a72ec.256p.jpg,ModularFull,ColorBlack
Super Flower LEADEX VII Platinum PRO,1200,Efficiency Rating80+ Platinum,269.99,TypeATX,//cdna.pcpartpicker.com/static/forever/images/product/8c2829b9a24bc87b620fa4be377b8d69.256p.jpg,ModularFull,ColorBlack
MSI MAG A1000GLS PCIE5,1000,Efficiency Rating80+ Gold,269.99,TypeATX,//cdna.pcpartpicker.com/static/forever/images/product/009f529c253efdcffa7588b07a793742.256p.jpg,ModularFull,ColorBlack
PC Power & Cooling Silencer MK III,750,Efficiency Rating80+ Gold,270.26,TypeATX,https://m.media-amazon.com/images/I/513a3efEvkL.jpg,ModularSemi,Color
SeaSonic VERTEX GX-1000,1000,Efficiency Rating80+ Gold,270.4,TypeATX,//cdna.pcpartpicker.com/static/forever/images/product/ed3235057508a33ff8605786994551f9.256p.jpg,ModularFull,ColorBlack / Silver
Fractal Design Ion Gold,750,Efficiency Rating80+ Gold,270.73,TypeATX,//cdna.pcpartpicker.com/static/forever/images/product/d5772fcef3f2fa90bbaef1a5b49107a0.256p.jpg,ModularFull,ColorBlack
Asus Prime,750,Efficiency Rating80+ Bronze,270.73,TypeATX,//cdna.pcpartpicker.com/static/forever/images/product/ee8811f020d54929e60e22dfaff5219b.256p.jpg,ModularNo,ColorBlack
"FSP Group Hydro PTM X PRO,Gen5",1000,Efficiency Rating80+ Platinum,271.19,TypeATX,//cdna.pcpartpicker.com/static/forever/images/product/73165414d8701353a5ccddf54b3e9a9b.256p.jpg,ModularFull,ColorBlack
Lian Li EDGE,1300,Efficiency Rating80+ Platinum,273.42,TypeATX,//cdna.pcpartpicker.com/static/forever/images/product/e92f825ed1d88b0cb0fac7933b6d853c.256p.jpg,ModularFull,ColorWhite
Antec High Current Gamer,620,Efficiency Rating80+ Bronze,275.69,TypeATX,https://m.media-amazon.com/images/I/51KvQNSrSkL.jpg,ModularSemi,Color
Asus ROG STRIX 1200P Gaming,1200,Efficiency Rating80+ Platinum,276.99,TypeATX,//cdna.pcpartpicker.com/static/forever/images/product/3fb2d887e5a452db696692c8205dd369.256p.jpg,ModularFull,ColorBlack / Silver
Silverstone DA850R-GMA,850,Efficiency Rating80+ Gold,277.3,TypeATX,//cdna.pcpartpicker.com/static/forever/images/product/ff450bf2512afde80b5ad0a38cf576d2.256p.jpg,ModularFull,ColorBlack
Thermaltake Toughpower SFX,850,Efficiency Rating80+ Platinum,277.98,TypeSFX,https://m.media-amazon.com/images/I/51oq--dSIHL.jpg,ModularFull,ColorBlack
Thermaltake Smart BM3,650,Efficiency Rating80+ Bronze,278.01,TypeATX,//cdna.pcpartpicker.com/static/forever/images/product/4f3b7e2fa6212bc5d7addadf36fa2b1b.256p.jpg,ModularSemi,ColorBlack
Corsair RM1000x,1000,Efficiency Rating80+ Gold,279.89,TypeATX,//cdna.pcpartpicker.com/static/forever/images/product/49b15c4f90ae64a72cea7148d88b545e.256p.jpg,ModularFull,Color
Silverstone DA850R-GMA,850,Efficiency Rating80+ Gold,279.95,TypeATX,//cdna.pcpartpicker.com/static/forever/images/product/6f4e7cd68f6241e17b055a37734ab448.256p.jpg,ModularFull,ColorWhite
Super Flower Leadex III Gold UP,1300,Efficiency Rating80+ Gold,279.98,TypeATX,//cdna.pcpartpicker.com/static/forever/images/product/8518dc8b066169771e77870f3a73d3ed.256p.jpg,ModularFull,ColorBlack
Corsair RM1200x SHIFT,1200,Efficiency Rating80+ Gold,279.99,TypeATX,//cdna.pcpartpicker.com/static/forever/images/product/6719e9fc9ce80bbf6c163bef40cb6e0b.256p.jpg,ModularFull / Side,ColorBlack
Cooler Master V SFX Platinum,1100,Efficiency Rating80+ Platinum,279.99,TypeSFX,//cdna.pcpartpicker.com/static/forever/images/product/343301e7c7c93040adb3e78a9d323112.256p.jpg,ModularFull,ColorBlack
be quiet! Dark Power 13,850,Efficiency Rating80+ Titanium,279.99,TypeATX,//cdna.pcpartpicker.com/static/forever/images/product/ac6ebb39db158b2d18a6a847537740f7.256p.jpg,ModularFull,ColorBlack
SeaSonic Focus GX V4 ATX 3 (2024),1000,Efficiency Rating80+ Gold,280.5,TypeATX,//cdna.pcpartpicker.com/static/forever/images/product/6b17b20795b473fa047bd22d6a451821.256p.jpg,ModularFull,ColorWhite
FSP Group FSP220-60LE(80),220,Efficiency Rating80+,281.18,TypeMini ITX,https://m.media-amazon.com/images/I/41Fd72RaMhL.jpg,ModularNo,ColorSilver
EVGA SuperNOVA 1000 P5,1000,Efficiency Rating80+ Platinum,284.74,TypeATX,https://m.media-amazon.com/images/I/51ffXG2QCjL.jpg,ModularFull,ColorBlue / Black
Thermaltake EVO_Blue,650,Efficiency Rating80+ Gold,284.92,TypeATX,https://m.media-amazon.com/images/I/41RtYnCKMjL.jpg,ModularSemi,Color
Silverstone DA750 Gold,750,Efficiency Rating80+ Gold,285.37,TypeATX,//cdna.pcpartpicker.com/static/forever/images/product/86e43d07e104412be4e0e875349a9ec1.256p.jpg,ModularFull,ColorBlack / White
Thermaltake Toughpower GF3 Snow,1200,Efficiency Rating80+ Gold,285.45,TypeATX,https://m.media-amazon.com/images/I/41qanwg0rvL.jpg,ModularFull,ColorWhite
Thermaltake Toughpower GF3 TT Premium,1000,Efficiency Rating80+ Gold,289.99,TypeATX,//cdna.pcpartpicker.com/static/forever/images/product/6d48de719caa79176caf445a9f7ecc85.256p.jpg,ModularFull,ColorBlack
Asus ROG LOKI,850,Efficiency Rating80+ Platinum,292.8,TypeSFX,//cdna.pcpartpicker.com/static/forever/images/product/2e89a572a1cec53c94ae5ca6ea9abb32.256p.jpg,ModularFull,ColorBlack / Silver
Antec CSK,550,Efficiency Rating80+ Bronze,293.05,TypeATX,//cdna.pcpartpicker.com/static/forever/images/product/3f28cb7bc95342d59cf7f6bb31afb04f.256p.jpg,ModularNo,ColorBlack / Yellow
Corsair RM1200e,1200,Efficiency Rating80+ Gold,294.99,TypeATX,//cdna.pcpartpicker.com/static/forever/images/product/1b7d8f1242e5d43e03fe1f262f522b94.256p.jpg,ModularFull,ColorBlack
Thermaltake Toughpower GF A3 - TT Premium Edition,1200,Efficiency Rating80+ Gold,295.14,TypeATX,https://m.media-amazon.com/images/I/41fIwYxOlPL.jpg,ModularFull,ColorBlack
EVGA SuperNOVA 1300 P+,1300,Efficiency Rating80+ Platinum,295.99,TypeATX,https://m.media-amazon.com/images/I/41QW4kxtjrS.jpg,ModularFull,ColorBlack
be quiet! System Power 9 700 CM,700,Efficiency Rating80+ Bronze,296.56,TypeATX,//cdna.pcpartpicker.com/static/forever/images/product/6706a25e270992133bf9ed01ac38e124.256p.jpg,ModularSemi,ColorBlack
Silverstone Strider Platinum,750,Efficiency Rating80+ Platinum,297.17,TypeATX,https://m.media-amazon.com/images/I/51WamsChH-L.jpg,ModularFull,Color
Corsair SF1000 (2024),1000,Efficiency Rating80+ Platinum,299.99,TypeSFX,//cdna.pcpartpicker.com/static/forever/images/product/0dd4e1eecc238b78a3b4abfa14af9d50.256p.jpg,ModularFull,ColorBlack
Thermaltake Toughpower GF3 TT Premium,1200,Efficiency Rating80+ Gold,300.99,TypeATX,//cdna.pcpartpicker.com/static/forever/images/product/00d154cad5360746ac0f80ee959b034b.256p.jpg,ModularFull,ColorBlack
Enermax Revolution D.F. X,1350,Efficiency Rating80+ Gold,302.98,TypeATX,//cdna.pcpartpicker.com/static/forever/images/product/c2f0a198875623ee741088ecf89ef2b7.256p.jpg,ModularFull,ColorBlack
Silverstone TX500-G,500,Efficiency Rating80+ Gold,305.27,TypeTFX,//cdna.pcpartpicker.com/static/forever/images/product/4d14c9693624095ceaf52d8afe50282d.256p.jpg,ModularNo,ColorBlack
Gigabyte UD1300GM PG5,1300,Efficiency Rating80+ Gold,305.8,TypeATX,//cdna.pcpartpicker.com/static/forever/images/product/9438ceeeb719881f26ffa3193d8a9b80.256p.jpg,ModularFull,ColorBlack
Chieftec ATMOS,850,Efficiency Rating80+ Gold,308.72,TypeATX,https://m.media-amazon.com/images/I/51BIuj15q1L.jpg,ModularFull,ColorBlack
be quiet! Straight Power 12,850,Efficiency Rating80+ Platinum,308.98,TypeATX,//cdna.pcpartpicker.com/static/forever/images/product/7538bfbc579094f3dc35c3d8e5ae37b0.256p.jpg,ModularFull,ColorBlack
be quiet! Straight Power 12,1200,Efficiency Rating80+ Platinum,309.99,TypeATX,//cdna.pcpartpicker.com/static/forever/images/product/ed6b9e88000d7dc9e6b6ea0e06b20532.256p.jpg,ModularFull,ColorBlack
Corsair RM1000x SHIFT,1000,Efficiency Rating80+ Gold,309.99,TypeATX,//cdna.pcpartpicker.com/static/forever/images/product/d03646603c57b9844719421c0543434c.256p.jpg,ModularFull / Side,ColorWhite
Chieftec Polaris 3.0,1050,Efficiency Rating80+ Gold,310.88,TypeATX,//cdna.pcpartpicker.com/static/forever/images/product/8e6ae45b2e376cbbc28fc7f633145ae8.256p.jpg,ModularFull,ColorBlack
Asus ROG STRIX 1000G,1000,Efficiency Rating80+ Gold,312.0,TypeATX,//cdna.pcpartpicker.com/static/forever/images/product/fb5ae2930e1fe2c321366e615b780cb1.256p.jpg,ModularFull,ColorBlack
Gigabyte AORUS ELITE P850,850,Efficiency Rating80+ Platinum,314.79,TypeATX,//cdna.pcpartpicker.com/static/forever/images/product/535d7ddd9d2385c52ef622aa25182004.256p.jpg,ModularFull,ColorBlack
Corsair HX1200i,1200,Efficiency Rating80+ Platinum,316.8,TypeATX,//cdna.pcpartpicker.com/static/forever/images/product/cdf0213f62ccdb8c0d239d809eca0762.256p.jpg,ModularFull,ColorBlack
SeaSonic VERTEX GX-1200,1200,Efficiency Rating80+ Gold,319.99,TypeATX,//cdna.pcpartpicker.com/static/forever/images/product/ed3235057508a33ff8605786994551f9.256p.jpg,ModularFull,ColorBlack / Silver
SeaSonic VERTEX GX-750,750,Efficiency Rating80+ Gold,320.79,TypeATX,//cdna.pcpartpicker.com/static/forever/images/product/f9433fd78ac01e53008243376cf1bd29.256p.jpg,ModularFull,ColorBlack / Silver
Thermaltake Toughpower GF3 TT Premium,1350,Efficiency Rating80+ Gold,320.99,TypeATX,//cdna.pcpartpicker.com/static/forever/images/product/b422e4dfe6da14ae8eff69a9dc7cbc9c.256p.jpg,ModularFull,ColorBlack
Silverstone SX-G,700,Efficiency Rating80+ Gold,321.13,TypeSFX,//cdna.pcpartpicker.com/static/forever/images/product/dae466078494c93df86edd455e9094e8.256p.jpg,ModularFull,ColorBlack
EVGA SuperNOVA 1300 G2,1300,Efficiency Rating80+ Gold,327.8,TypeATX,https://images-eu.ssl-images-amazon.com/images/I/51QPfd5tElL.jpg,ModularFull,Color
SHARKOON Rebel P30 Gold,850,Efficiency Rating80+ Gold,328.15,TypeATX,https://m.media-amazon.com/images/I/519j9CLlTqL.jpg,ModularFull,ColorBlack
SeaSonic FOCUS GX-1000 ATX 3.0,1000,Efficiency Rating80+ Gold,329.16,TypeATX,https://m.media-amazon.com/images/I/41VMMgjmT7L.jpg,ModularFull,ColorBlack
ASRock Phantom Gaming PG-1600G,1600,Efficiency Rating80+ Gold,329.98,TypeATX,//cdna.pcpartpicker.com/static/forever/images/product/932bda86c9b2195dcf3f96261c5dc132.256p.jpg,ModularFull,ColorBlack
Corsair HX1000i (2023),1000,Efficiency Rating80+ Platinum,329.99,TypeATX,//cdna.pcpartpicker.com/static/forever/images/product/c6c707c9177df677d1b642efe8a9fb2d.256p.jpg,ModularFull,ColorBlack
Asus ROG THOR P2 Gaming,850,Efficiency Rating80+ Platinum,329.99,TypeATX,//cdna.pcpartpicker.com/static/forever/images/product/85403bbe5ccb27af16a079b02ca84ae5.256p.jpg,ModularFull,ColorBlack / Silver
"FSP Group Hydro PTM PRO,Gen5",1350,Efficiency Rating80+ Platinum,329.99,TypeATX,/static/forever/img/no-image.png,ModularFull,ColorBlack
Montech CENTURY G5,750,Efficiency Rating80+ Gold,332.43,TypeATX,https://m.media-amazon.com/images/I/41F78ZvfwSL.jpg,ModularFull,ColorBlack
Corsair HX750 Platinum,750,Efficiency Rating80+ Platinum,335.7,TypeATX,https://m.media-amazon.com/images/I/51Q4YH4Qx4L.jpg,ModularFull,Color
Corsair RM1200x SHIFT,1200,Efficiency Rating80+ Gold,339.99,TypeATX,//cdna.pcpartpicker.com/static/forever/images/product/b2a2e1bba61ace8fdb63cfb7e7874572.256p.jpg,ModularFull / Side,ColorWhite
be quiet! Straight Power 12,1500,Efficiency Rating80+ Platinum,347.98,TypeATX,//cdna.pcpartpicker.com/static/forever/images/product/5ea07fd9ba33bd3b161eca63f6e4ca96.256p.jpg,ModularFull,ColorBlack
be quiet! Straight Power 12,1000,Efficiency Rating80+ Platinum,349.99,TypeATX,//cdna.pcpartpicker.com/static/forever/images/product/de1f624ef78338c0ed4b1a8813561144.256p.jpg,ModularFull,ColorBlack
MSI MPG A1250GS PCIE5,1250,Efficiency Rating80+ Gold,349.99,TypeATX,//cdna.pcpartpicker.com/static/forever/images/product/65c254c7725d6d542a3dc8acf2148699.256p.jpg,ModularFull,ColorBlack
Silverstone SX700-PT,700,Efficiency Rating80+ Platinum,350.06,TypeSFX,https://m.media-amazon.com/images/I/41J1oMG4sWL.jpg,ModularFull,ColorBlack
Cougar GEX,750,Efficiency Rating80+ Gold,350.84,TypeATX,https://m.media-amazon.com/images/I/41O6+bfyrgL.jpg,ModularFull,ColorBlack
SeaSonic FOCUS GX-850 ATX 3.0,850,Efficiency Rating80+ Gold,351.65,TypeATX,https://m.media-amazon.com/images/I/41VMMgjmT7L.jpg,ModularFull,ColorBlack
SHARKOON SilentStorm,500,Efficiency Rating80+ Gold,351.88,TypeSFX,https://m.media-amazon.com/images/I/51wdz5LHGpL.jpg,ModularFull,ColorBlack
Cougar POLAR X2,1050,Efficiency Rating80+ Platinum,352.99,TypeATX,//cdna.pcpartpicker.com/static/forever/images/product/d47f573307e59ca4ac7ab21e2fcd4150.256p.jpg,ModularFull,ColorWhite / Gray
Silverstone SX1000R-PL,1000,Efficiency Rating80+ Platinum,354.59,TypeSFX,https://m.media-amazon.com/images/I/41DZJKtU9NL.jpg,ModularFull,ColorBlack / White
Corsair RM750i,750,Efficiency Rating80+ Gold,355.9,TypeATX,//cdna.pcpartpicker.com/static/forever/images/product/5942dc5054650341ae8fc07633badb2c.256p.jpg,ModularFull,Color
FSP Group FSP500-50FSPT,500,Efficiency Rating80+ Platinum,357.6,TypeFlex ATX,//cdna.pcpartpicker.com/static/forever/images/product/591ae053cea39e33e3c890e4beedd590.256p.jpg,ModularNo,ColorSilver
SeaSonic FOCUS GX-750 ATX 3.0,750,Efficiency Rating80+ Gold,358.4,TypeATX,https://m.media-amazon.com/images/I/41zLhprxqXL.jpg,ModularFull,ColorBlack
EVGA SuperNOVA 1000 G6,1000,Efficiency Rating80+ Gold,359.99,TypeATX,//cdna.pcpartpicker.com/static/forever/images/product/fc764228aa234156a7ad64073b72b702.256p.jpg,ModularFull,ColorBlack
Silverstone SFX,700,Efficiency Rating80+ Platinum,360.72,TypeSFX,https://m.media-amazon.com/images/I/51QPBD0tdhL.jpg,ModularFull,ColorBlack
SeaSonic FOCUS SGX (2021),750,Efficiency Rating80+ Gold,363.0,TypeSFX,//cdna.pcpartpicker.com/static/forever/images/product/f3bbf99017d293621fbcfb7419d688f8.256p.jpg,ModularFull,ColorBlack
Thermaltake Toughpower PF3-L,1200,Efficiency Rating80+ Platinum,365.98,TypeATX,//cdna.pcpartpicker.com/static/forever/images/product/fc752c728b62e7c94c08234fff28df6a.256p.jpg,ModularFull,ColorBlack
EVGA SuperNOVA 1300 G+,1300,Efficiency Rating80+ Gold,369.98,TypeATX,https://m.media-amazon.com/images/I/41y3Vu+6WNL.jpg,ModularFull,ColorBlack
EVGA SuperNOVA 1600 G+,1600,Efficiency Rating80+ Gold,374.99,TypeATX,//cdna.pcpartpicker.com/static/forever/images/product/060217c42c4cf4740c62d9503fb5cd0a.256p.jpg,ModularFull,ColorBlack
Cougar POLAR X2,1200,Efficiency Rating80+ Platinum,376.99,TypeATX,//cdna.pcpartpicker.com/static/forever/images/product/96d163e7f99690830531cf6e4affd14f.256p.jpg,ModularFull,ColorWhite / Gray
Gigabyte AORUS ELITE P1000 ICE,1000,Efficiency Rating80+ Platinum,382.18,TypeATX,//cdna.pcpartpicker.com/static/forever/images/product/a37d72acd789e98c8270a9da18d38a9f.256p.jpg,ModularFull,ColorWhite
Silverstone TX700-G,700,Efficiency Rating80+ Gold,384.36,TypeTFX,//cdna.pcpartpicker.com/static/forever/images/product/7e9ddc1020c497683a9264ffe821dc2d.256p.jpg,ModularNo,ColorBlack
Chieftec Polaris 3.0,850,Efficiency Rating80+ Gold,385.16,TypeATX,https://m.media-amazon.com/images/I/51LLmTVvThL.jpg,ModularFull,ColorBlack
Corsair RM850x,850,Efficiency Rating80+ Gold,387.29,TypeATX,//cdna.pcpartpicker.com/static/forever/images/product/429bb130468e125f4f20d1f7e2f2600e.256p.jpg,ModularFull,Color
ADATA XPG CORE Reactor 650,650,Efficiency Rating80+ Gold,388.63,TypeATX,https://m.media-amazon.com/images/I/51UGM2bzZ6L.jpg,ModularFull,ColorBlack
Thermaltake TOUGHPOWER PF1 ARGB,850,Efficiency Rating80+ Platinum,393.24,TypeATX,//cdna.pcpartpicker.com/static/forever/images/product/dc91748f4169da016ec706f516f92b1a.256p.jpg,ModularFull,Color
Corsair HX850 Platinum,850,Efficiency Rating80+ Platinum,395.36,TypeATX,https://m.media-amazon.com/images/I/51s30iFwevL.jpg,ModularFull,Color
Thermaltake Toughpower GF3 TT Premium,1650,Efficiency Rating80+ Gold,397.7,TypeATX,//cdna.pcpartpicker.com/static/forever/images/product/b61e2d3e03344a41e574c2b58322d8e0.256p.jpg,ModularFull,ColorBlack
Cooler Master V Platinum V2,1600,Efficiency Rating80+ Platinum,399.99,TypeATX,https://m.media-amazon.com/images/I/41BOi6CqeqL.jpg,ModularFull,ColorBlack / Purple
EVGA SuperNOVA 1000 P6,1000,Efficiency Rating80+ Platinum,399.99,TypeATX,https://m.media-amazon.com/images/I/518-VEgd-IL.jpg,ModularFull,ColorBlack / Silver
Montech TITAN PLA,1000,Efficiency Rating80+ Platinum,404.5,TypeATX,//cdna.pcpartpicker.com/static/forever/images/product/82e5b78b3a3350f267109a937680844e.256p.jpg,ModularFull,ColorWhite
SeaSonic PRIME 1300 Gold,1300,Efficiency Rating80+ Gold,407.98,TypeATX,//cdna.pcpartpicker.com/static/forever/images/product/0507a17b19d2080a2a8ce1119a204254.256p.jpg,ModularFull,ColorBlack
Silverstone Strider Platinum S,1000,Efficiency Rating80+ Platinum,408.04,TypeATX,//cdna.pcpartpicker.com/static/forever/images/product/9b4784f0c87eaeaa10bc83491aa52422.256p.jpg,ModularFull,ColorBlack
NZXT C (2019),850,Efficiency Rating80+ Gold,409.91,TypeATX,//cdna.pcpartpicker.com/static/forever/images/product/cd4625cbc62ddc42dd7818032da24d6f.256p.jpg,ModularFull,ColorBlack
