located Name,Wattage,Price,Efficiency,Matched Tier Model,Tier,Matched Tier Model Info,Similarity,Image URL,modularity,Product URL,size,color,atxver
test,69420,69.42,N,No Match,N/A,No Match Info,0,https://m.media-amazon.com/images/I/41tTcSFPOyS.jpg,Full,,SFX,creamy,N/A
Azza PSAZ-750W,750,59.95,80+ Bronze,azza psaz argb bronze new,C-,"2 year warranty. 540W, 648W, & 744W on 12V respectively.",79.26086956521739,//cdna.pcpartpicker.com/static/forever/images/product/3c70a5b2d368c8b41e06cfccd6b8e20f.256p.jpg,No,,ATX,Black,ATX 2.x
FSP Group HEXA 85+ PRO,450,59.99,80+ Bronze,fsp fortron sparkle hexa 85 pro,C*,85+ refresh? No internal shots or performance data available as of now.,95.53333333333333,https://m.media-amazon.com/images/I/41wH+TLFGEL.jpg,No,,ATX,Black,ATX 2.x
Thermaltake Smart,500,61.6,80+,thermaltake smart white label,F,"Unknown number of suppliers for this unit, may be region-specific. Versions that have been tested have malfunctioning OCP, OPP, and SCP.",101.8,https://m.media-amazon.com/images/I/519RlzaoKDL.jpg,No,,ATX,,ATX 2.x
CoolMax ZX-500,500,63.99,80+,No Match,N/A,No Match Info,0,https://images-fe.ssl-images-amazon.com/images/I/516bfytLBEL.jpg,No,,ATX,,N/A
Thermaltake Smart,600,64.9,80+,thermaltake smart white label,F,"Unknown number of suppliers for this unit, may be region-specific. Versions that have been tested have malfunctioning OCP, OPP, and SCP.",101.8,https://images-eu.ssl-images-amazon.com/images/I/51Ih1TB6nFL.jpg,No,,ATX,,ATX 2.x
Azza PSAZ-650W,650,68.95,80+ Bronze,azza psaz argb bronze new,C-,"2 year warranty. 540W, 648W, & 744W on 12V respectively.",79.26086956521739,//cdna.pcpartpicker.com/static/forever/images/product/21efec726484eb1be8ea121f2eb49198.256p.jpg,No,,ATX,Black,ATX 2.x
ASRock Challenger CL-550B,550,68.99,80+ Bronze,asrock challenger bronze cl b,C-*,No 12VHPWR/12V-2x6. Platform bears a striking resemblance to System Power 10 with some slight differences. May also be missing a MOV.,90.68888888888888,//cdna.pcpartpicker.com/static/forever/images/product/b4283167def49aee8fb2afeb234fd65e.256p.jpg,No,,ATX,Black,ATX 2.x
FSP Group HEXA 85+ PRO,550,69.99,80+ Bronze,fsp fortron sparkle hexa 85 pro,C*,85+ refresh? No internal shots or performance data available as of now.,95.53333333333333,https://m.media-amazon.com/images/I/41t+kAhuvcS.jpg,No,,ATX,Black,ATX 2.x
MSI MAG A550BN,550,74.98,80+ Bronze,msi mag a bn,C,Capacitors and fans appear to be variable based on region/batch.,93.01538461538462,https://m.media-amazon.com/images/I/51VZJ8DVX-L.jpg,No,,ATX,Black,ATX 2.x
EVGA 610 BP,610,75.0,80+ Bronze,evga b series bp,C,,109.2,https://m.media-amazon.com/images/I/51T+stsZKEL.jpg,No,,ATX,Black,ATX 2.x
EVGA 500 W1,500,75.99,80+,evga w series w1,F,Malfunctioning safety protections that cause the unit to experience catastrophic failure and blow up. Fire hazard.,109.2,//cdna.pcpartpicker.com/static/forever/images/product/54c22d607bdad7d92e7512aaa53955e2.256p.jpg,No,,ATX,,ATX 2.x
Thermaltake Smart,700,77.99,80+,thermaltake smart white label,F,"Unknown number of suppliers for this unit, may be region-specific. Versions that have been tested have malfunctioning OCP, OPP, and SCP.",101.8,https://m.media-amazon.com/images/I/51BVjb7JUsL.jpg,No,,ATX,,ATX 2.x
Apevia Prestige,600,79.9,80+ Gold,apevia prestige standard,C,Same platform as Xigmatek Hydra M; reports of dual-sourcing w/ Andyson for US; other models possibly affected.,110.8,https://m.media-amazon.com/images/I/41pBDy5c8nL.jpg,No,,ATX,Black,ATX 2.x
CoolMax ZX-600,600,79.98,80+,No Match,N/A,No Match Info,0,//cdna.pcpartpicker.com/static/forever/images/product/d94bb5f6531ecf447fa21f100f86fd7b.med.256p.jpg,No,,ATX,,N/A
FSP Group HEXA 85+ PRO,650,79.99,80+ Bronze,fsp fortron sparkle hexa 85 pro,C*,85+ refresh? No internal shots or performance data available as of now.,95.53333333333333,https://m.media-amazon.com/images/I/411tR4t-STL.jpg,No,,ATX,Black,ATX 2.x
SAMA GT,650,82.99,80+ Gold,sama gt,C,Electrical performance is mediocre and OCP triggering points are sky high. Recommended only for low-end hardware.,107.4,//cdna.pcpartpicker.com/static/forever/images/product/e81737b03f15f9d68443d480d0e4e2ff.256p.jpg,Full,,ATX,Black,ATX 3.x
ASRock Challenger CL-650B,650,83.6,80+ Bronze,asrock challenger bronze cl b,C-*,No 12VHPWR/12V-2x6. Platform bears a striking resemblance to System Power 10 with some slight differences. May also be missing a MOV.,90.68888888888888,//cdna.pcpartpicker.com/static/forever/images/product/770db437877b861f291f81c98c064622.256p.jpg,No,,ATX,Black,ATX 2.x
Apevia Premier,650,83.64,80+ Gold,apevia premier standard,C*,Not enough info,110.6,https://m.media-amazon.com/images/I/51YPQPp7z0S.jpg,Semi,,ATX,Black,ATX 2.x
Corsair CX (2023),550,84.99,80+ Bronze,corsair cx non modular 2013 green label,E,"Green ""CX"" lettering on black label. 85C caps all around, 30C rated operating temp, avoid.",112.8,//cdna.pcpartpicker.com/static/forever/images/product/5c9986f2ca555182c65ca3541ec840ed.256p.jpg,No,,ATX,Black,ATX 2.x
Thermaltake Toughpower GX2,600,85.8,80+ Gold,thermaltake toughpower gx2 swap,C-*,Unannounced downgrade; seemingly affects North America. 600W unit has 12W less on 12V rail (576W) compared to OG. CWT unit (588W),122.2,//cdna.pcpartpicker.com/static/forever/images/product/56f77032e78c9af99041786b5196fe91.256p.jpg,No,,ATX,Black,ATX 2.x
Azza PSAZ-550W,550,89.6,80+ Bronze,azza psaz argb bronze new,C-,"2 year warranty. 540W, 648W, & 744W on 12V respectively.",79.26086956521739,//cdna.pcpartpicker.com/static/forever/images/product/6f78fc48df682023799aa137d24b1743.256p.jpg,No,,ATX,Black,ATX 2.x
SAMA GT,650,89.99,80+ Gold,sama gt,C,Electrical performance is mediocre and OCP triggering points are sky high. Recommended only for low-end hardware.,107.4,//cdna.pcpartpicker.com/static/forever/images/product/99ed51760a854a4d8d5b2c4b304bc1c0.256p.jpg,Full,,ATX,White,ATX 3.x
SAMA GT,750,89.99,80+ Gold,sama gt,C*,,107.4,//cdna.pcpartpicker.com/static/forever/images/product/99ed51760a854a4d8d5b2c4b304bc1c0.256p.jpg,Full,,ATX,White,ATX 3.x
SAMA GT,750,89.99,80+ Gold,sama gt,C*,,107.4,//cdna.pcpartpicker.com/static/forever/images/product/e81737b03f15f9d68443d480d0e4e2ff.256p.jpg,Full,,ATX,Black,ATX 3.x
GAMDIAS KRATOS M1 B,750,89.99,80+ Bronze,gamdias kratos m1,E,,109.4,//cdna.pcpartpicker.com/static/forever/images/product/7bdcdc33847e0c93aefcd66764e37870.256p.jpg,No,,ATX,Black,ATX 2.x
NZXT HALE82 V2 550W,550,89.99,80+ Bronze,No Match,N/A,No Match Info,0,/static/forever/img/no-image.png,Full,,ATX,,N/A
FSP Group HEXA 85+ PRO,750,89.99,80+ Bronze,fsp fortron sparkle hexa 85 pro,C*,85+ refresh? No internal shots or performance data available as of now.,95.53333333333333,/static/forever/img/no-image.png,No,,ATX,Black,ATX 2.x
Corsair CX (2023),650,90.2,80+ Bronze,corsair cx non modular 2013 green label,E,"Green ""CX"" lettering on black label. 85C caps all around, 30C rated operating temp, avoid.",112.8,//cdna.pcpartpicker.com/static/forever/images/product/c058ff0ffb542302d5b1c75cf8658ecd.256p.jpg,No,,ATX,Black,ATX 2.x
Thermaltake TR2 S,600,90.67,80+,thermaltake tr2 s dc dc ver,C-*,"Flat black cables, model PS-TRS-[Wattage]NNSAW. Claims DC-DC and all protections. Possibly double-sourced with HKC.",111.4,//cdna.pcpartpicker.com/static/forever/images/product/a2dbc1855aafadffeb4aedfb06e169f9.256p.jpg,No,,ATX,Black,ATX 2.x
ASRock Challenger CL-750B,750,91.3,80+ Bronze,asrock challenger bronze cl b pcie 5 1,C-*,"Does not claim ATX 3.x compliance, but 750W claims PCIE 5.1 ready w/ 450W 12V-2x6.",92.48888888888888,//cdna.pcpartpicker.com/static/forever/images/product/2e749fd4d8d5f2bab633401da1a0b3b4.256p.jpg,No,,ATX,Black,ATX 2.x
Segotep GN,650,94.11,80+ Gold,segotep gn,E,"Not recommended since no proper testing exists, and numerous issues exist with other Segotep units that were tested.",108.0,https://m.media-amazon.com/images/I/410e35Vh0bL.jpg,No,,ATX,Black,ATX 2.x
SAMA GT,850,94.99,80+ Gold,sama gt,C*,,107.4,//cdna.pcpartpicker.com/static/forever/images/product/b419b2f970d9f21fb98193dd0448d97a.256p.jpg,Full,,ATX,White,ATX 3.x
EVGA 710 BP,710,95.0,80+ Bronze,evga b series bp,C,,109.2,https://m.media-amazon.com/images/I/51RU8Rf0YXL.jpg,No,,ATX,Black,ATX 2.x
CoolMax ZX-700,700,96.99,80+,No Match,N/A,No Match Info,0,https://m.media-amazon.com/images/I/41hcZqZyVJL.jpg,No,,ATX,,N/A
Azza ARGB,650,99.57,80+ Bronze,azza psaz argb bronze new,C-,"2 year warranty. 540W, 648W, & 744W on 12V respectively.",101.0,https://m.media-amazon.com/images/I/51pSMRWC8PL.jpg,No,,ATX,Black,ATX 2.x
Thermaltake Smart BX1 650,650,99.99,80+ Bronze,thermaltake smart bx1 dc dc ver,C-*,,112.2,https://images-na.ssl-images-amazon.com/images/I/41oykKKWjkL.jpg,No,,ATX,Black,ATX 2.x
MSI MAG A650BN,650,100.44,80+ Bronze,msi mag a bn,C,Capacitors and fans appear to be variable based on region/batch.,93.01538461538462,//cdna.pcpartpicker.com/static/forever/images/product/3148f884b77b2d7abee3a3e0ad72cf73.256p.jpg,No,,ATX,Black,ATX 2.x
SeaSonic S12III,650,103.99,80+ Bronze,seasonic s12iii,F,"Claims only SCP, OPP, and over/under voltage. OCP not claimed on any rail.",109.0,//cdna.pcpartpicker.com/static/forever/images/product/779d0e1e131d6b129fb788443f95b407.256p.jpg,No,,ATX,Black,ATX 2.x
Apevia Galaxy,850,104.72,80+ Gold,apevia galaxy standard,C*,Not enough info,110.4,https://m.media-amazon.com/images/I/41nPDROdGZS.jpg,Semi,,ATX,Black,ATX 2.x
Gigabyte P650G,650,104.99,80+ Gold,gigabyte p g,C*,No conclusive information. Worldwide?,88.4,//cdna.pcpartpicker.com/static/forever/images/product/27cd6b6053ee53ff751d09ab574ecd46.256p.jpg,No,,ATX,Black,ATX 2.x
Cougar GX-S,550,104.99,80+ Gold,cougar gx s 2016,C,,108.2,//cdna.pcpartpicker.com/static/forever/images/product/4bdddfef7646c3b7f3ab18f88ae286ab.256p.jpg,No,,ATX,,ATX 2.x
be quiet! Pure Power 12,650,106.99,80+ Gold,be quiet pure power 12,B*,"85C bulk caps, rifle bearing fan, non-modular.",110.4,//cdna.pcpartpicker.com/static/forever/images/product/40ab38c15b2b0ac6e8a6e597368c7f57.256p.jpg,No,,ATX,Black,ATX 3.x
Silverstone SST-TX300,300,107.98,80+ Bronze,No Match,N/A,No Match Info,0,//cdna.pcpartpicker.com/static/forever/images/product/ed4d5da91285cfe1f9360ff41b975c97.256p.jpg,No,,TFX,Black,N/A
Thermaltake Smart BX1 550,550,108.88,80+ Bronze,thermaltake smart bx1 dc dc ver,C-*,,112.2,https://images-na.ssl-images-amazon.com/images/I/41bUVbWjjVL.jpg,No,,ATX,Black,ATX 2.x
Deepcool PM750D,750,109.88,80+ Gold,deepcool gamerstorm pm d,B-,Protections are found to be working in GPW based units in similar or identical configurations.,80.36521739130434,//cdna.pcpartpicker.com/static/forever/images/product/eac8129c4d4f2b74be408ab713b5e005.256p.jpg,No,,ATX,Black,ATX 2.x
MSI MAG A650GL,650,109.99,80+ Gold,msi mag a gl,B,,93.01538461538462,//cdna.pcpartpicker.com/static/forever/images/product/9fd701005a49816e85072d6ed79c2951.256p.jpg,Full,,ATX,Black,ATX 2.x
Corsair CX650M (2021),650,109.99,80+ Bronze,corsair cx m 2021 black label,C+,,97.46666666666665,//cdna.pcpartpicker.com/static/forever/images/product/cd1c62429bd8d83e6d8dc273f0cc179c.256p.jpg,Semi,,ATX,Black,ATX 2.x
ASRock Challenger CL-750G,750,110.0,80+ Gold,asrock challenger gold cl g atx 3 1,B*,750/850W have 600W 12V-2x6. Only 2 PCIE connectors.,101.28888888888889,//cdna.pcpartpicker.com/static/forever/images/product/c3f4e6f17f3c57992c4cfc1813e07d0e.256p.jpg,No,,ATX,Black,ATX 3.x
Corsair CX (2023),750,111.1,80+ Bronze,corsair cx non modular 2013 green label,C-,"Green ""CX"" lettering on black label. Detiered to C- due to age.",112.8,//cdna.pcpartpicker.com/static/forever/images/product/a13b3baedca8b58d4ce5008b7bf5d357.256p.jpg,No,,ATX,Black,ATX 2.x
Montech APX,550,111.12,80+,montech apx,C-,,108.2,https://m.media-amazon.com/images/I/41lzr2jX8RL.jpg,No,,ATX,Black,ATX 2.x
Apevia ATX-PR850W PCIE5.0,850,112.1,80+ Gold,apevia prestige atx 3 0,C+*,"No OTP claimed, no performance or protections data",79.17142857142856,https://m.media-amazon.com/images/I/41kvL9OiozL.jpg,No,,ATX,Black,ATX 3.x
ASRock Steel Legend SL-650G,650,113.3,80+ Gold,asrock steel legend sl g,B+,"1000W model has poor transient response on 12V under 200% spike, other models mediocre. 850/1000W avail. in white.",106.45217391304348,//cdna.pcpartpicker.com/static/forever/images/product/3b002e55ed7e54541868c5041da9daa9.256p.jpg,Full,,ATX,Black,ATX 3.x
ADATA XPG PYLON,550,114.63,80+ Bronze,adata xpg pylon,C+,650W is technically rated Cybenetics Silver,109.0,//cdna.pcpartpicker.com/static/forever/images/product/76460ae84caf54fbc17dbb87fa05a3dd.256p.jpg,No,,ATX,Black,ATX 2.x
Corsair CX750M (2021),750,115.5,80+ Bronze,corsair cx m 2021 black label,C+,,97.46666666666665,//cdna.pcpartpicker.com/static/forever/images/product/e3f5e5e966e562c1ec685b17ed83bccb.256p.jpg,Semi,,ATX,Black,ATX 2.x
Thermaltake Smart BM3,750,115.98,80+ Bronze,thermaltake smart bm3,C,"Transient response was tested but values were left out. OPP is set very high, but the PSU handled it and shut down safely and properly.",110.2,//cdna.pcpartpicker.com/static/forever/images/product/59a8ac87b700bbb5773a2740925f47c1.256p.jpg,Semi,,ATX,Black,ATX 3.x
MSI MAG A750BN PCIE5,750,115.99,80+ Bronze,msi mag a bn pcie 5 0,C,"A-BN with 300W 12VHPWR connection. Claims sleeve bearing, unknown quality fan. Does not claim ATX 3.0 compliance.",88.24878048780488,//cdna.pcpartpicker.com/static/forever/images/product/0e6a8954c4ddd51ffeaac409a3b2f9f7.256p.jpg,No,,ATX,Black,ATX 2.x
Super Flower Zillion FG,850,119.99,80+ Gold,super flower zillion fg gold atx 3 1,B-*,,112.6,//cdna.pcpartpicker.com/static/forever/images/product/d8adb266604520991852450e39838d13.256p.jpg,Full,,ATX,Black,ATX 3.x
Silverstone Essential,550,120.45,80+ Bronze,silverstone essential et argb,E,Actual 12V capacity is 456W. Does not claim OTP. ARGB fan controlled via motherboard header. Hong Hua rifle bearing fan.,111.8,//cdna.pcpartpicker.com/static/forever/images/product/8e362f9250f1d0c8a620e58dc740c14a.256p.jpg,No,,ATX,Black,ATX 2.x
Chieftec GPS-600A8,600,121.83,80+,No Match,N/A,No Match Info,0,https://images-eu.ssl-images-amazon.com/images/I/51Ip6iunuTL.jpg,No,,ATX,,N/A
be quiet! Pure Power 12,750,122.99,80+ Gold,be quiet pure power 12,B*,"85C bulk caps, rifle bearing fan, non-modular.",110.4,//cdna.pcpartpicker.com/static/forever/images/product/174e867f0b5ac205af84584ad5bf9b96.256p.jpg,No,,ATX,Black,ATX 3.x
ASRock Challenger CL-850G,850,122.99,80+ Gold,asrock challenger gold cl g atx 3 1,B*,750/850W have 600W 12V-2x6. Only 2 PCIE connectors.,101.28888888888889,//cdna.pcpartpicker.com/static/forever/images/product/84f7bff711f590ee1addd8f764e2c3d3.256p.jpg,No,,ATX,Black,ATX 3.x
EVGA 600 W1,600,123.14,80+,evga w series w1,F,Malfunctioning safety protections that cause the unit to experience catastrophic failure and blow up. Fire hazard.,109.2,https://m.media-amazon.com/images/I/41LvV7J3OuL.jpg,No,,ATX,,ATX 2.x
EVGA 700 BR,700,123.32,80+ Bronze,evga b series br,C-,"No OCP on 12V. High RMA rate due to MLCC cracks, similar to other HEC-built EVGA PSUs",109.2,//cdna.pcpartpicker.com/static/forever/images/product/cb871f8cf187922a16a18e53f17366ff.256p.jpg,No,,ATX,,ATX 2.x
Apevia Galaxy,650,123.38,80+ Gold,apevia galaxy standard,C*,Not enough info,110.4,https://m.media-amazon.com/images/I/41tTcSFPOyS.jpg,Semi,,ATX,Black,ATX 2.x
MSI MAG A750GL PCIE5,750,124.99,80+ Gold,msi mag a gl pcie5,B,"Solid electrical performance, let down by poorly tuned protections, mediocre transient response, and a low quality fan.",99.07368421052631,//cdna.pcpartpicker.com/static/forever/images/product/d8f4d13ba49891eb3929bdddc3d87b4b.256p.jpg,Full,,ATX,Black,ATX 3.x
Silverstone SFX,300,126.2,80+ Bronze,silverstone extreme sfx sfx l bronze,C-,,113.2,https://images-eu.ssl-images-amazon.com/images/I/51YKrs7LtqL.jpg,No,,SFX,Black,ATX 2.x
Montech APX,650,127.86,80+,montech apx,C-,,108.2,https://m.media-amazon.com/images/I/41zLtynJHLL.jpg,No,,ATX,Black,ATX 2.x
Cooler Master MWE Gold 750 V3,750,127.98,80+ Gold,cooler master mwe v3 atx 3 1 gold modular,B+,"Platform is the same as the GX III with upgraded fan (Hong Hua FDB, Yate Loon DBB); no MOV. Ball bearing fans possibly region-specific (Europe?)",113.6,//cdna.pcpartpicker.com/static/forever/images/product/8a9ee7ac5f05c46c327249997f43188a.256p.jpg,Full,,ATX,Black,ATX 3.x
ADATA XPG PYLON,650,128.75,80+ Bronze,adata xpg pylon,C+,650W is technically rated Cybenetics Silver,109.0,//cdna.pcpartpicker.com/static/forever/images/product/76460ae84caf54fbc17dbb87fa05a3dd.256p.jpg,No,,ATX,Black,ATX 2.x
SeaSonic SS-300TFX Bronze,300,128.78,80+ Bronze,No Match,N/A,No Match Info,0,https://m.media-amazon.com/images/I/51ys3+-6hiL.jpg,No,,TFX,Silver,N/A
Silverstone Essential,550,129.12,80+ Gold,silverstone essential et g,B,,111.2,https://images-fe.ssl-images-amazon.com/images/I/511PE5hHeKL.jpg,No,,ATX,Black / Yellow,ATX 2.x
Thermaltake Smart BX1,750,129.79,80+ Bronze,thermaltake smart bx1 dc dc ver,C-*,,112.2,//cdna.pcpartpicker.com/static/forever/images/product/c5e3f4773b45f042fee966c501f6db17.256p.jpg,No,,ATX,Black,ATX 2.x
FSP Group Hydro G Pro,750,129.88,80+ Gold,fsp fortron sparkle hydro g pro,A-,,95.53333333333333,//cdna.pcpartpicker.com/static/forever/images/product/c0afb28a927574a879db138afde5453e.256p.jpg,Full,,ATX,Black,ATX 2.x
be quiet! Pure Power 12 M,750,129.99,80+ Gold,be quiet pure power 12 m,A,Not to be confused with the non-modular Pure Power 12.,110.8,//cdna.pcpartpicker.com/static/forever/images/product/2ca5468038b7443022cee1bb7474a477.256p.jpg,Full,,ATX,Black,ATX 3.x
Cooler Master MWE GOLD 750 V2 FULL MODULAR,750,129.99,80+ Gold,cooler master mwe gold modular,B,,111.4,//cdna.pcpartpicker.com/static/forever/images/product/14006f097772a18096431e1627300499.256p.jpg,Full,,ATX,Black,ATX 2.x
be quiet! Pure Power 12 M,650,129.99,80+ Gold,be quiet pure power 12 m,A,Not to be confused with the non-modular Pure Power 12.,110.8,//cdna.pcpartpicker.com/static/forever/images/product/a5f002fc272830943869012709a5e6a4.256p.jpg,Full,,ATX,Black,ATX 3.x
Thermaltake Smart BM2,750,129.99,80+ Bronze,thermaltake smart bm2 ver a 2019,C+,,111.4,https://m.media-amazon.com/images/I/412Om9NpBbL.jpg,Semi,,ATX,Black,ATX 2.x
Lian Li EDGE GOLD,750,130.42,80+ Gold,No Match,N/A,No Match Info,0,//cdna.pcpartpicker.com/static/forever/images/product/a643cdaa74017b2c39223c6da5372477.256p.jpg,Full,,ATX,Black,N/A
MSI MAG A850GL PCIE5,850,134.97,80+ Gold,msi mag a gl pcie5,B,"Solid electrical performance, let down by poorly tuned protections, mediocre transient response, and a low quality fan.",99.07368421052631,//cdna.pcpartpicker.com/static/forever/images/product/79be60ce3783b8918a1c0940d3e4ff19.256p.jpg,Full,,ATX,Black,ATX 3.x
Chieftec GPS-700A8,700,135.0,80+ Bronze,No Match,N/A,No Match Info,0,https://m.media-amazon.com/images/I/41TxkaT+q-L.jpg,No,,ATX,Black / White,N/A
be quiet! Pure Power 12,850,136.99,80+ Gold,be quiet pure power 12,B*,"85C bulk caps, rifle bearing fan, non-modular.",110.4,//cdna.pcpartpicker.com/static/forever/images/product/b43737a5d4e955c807956044ec1b0f07.256p.jpg,No,,ATX,Black,ATX 3.x
Apevia Prestige,800,137.22,80+ Gold,apevia prestige standard,C,Same platform as Xigmatek Hydra M; reports of dual-sourcing w/ Andyson for US; other models possibly affected.,110.8,https://m.media-amazon.com/images/I/41WXywVNWGL.jpg,No,,ATX,Black,ATX 2.x
ASRock Steel Legend SL-750G,750,137.5,80+ Gold,asrock steel legend sl g,B+,"1000W model has poor transient response on 12V under 200% spike, other models mediocre. 850/1000W avail. in white.",106.45217391304348,//cdna.pcpartpicker.com/static/forever/images/product/8f8de8e95197d5ee3751a8a181e69831.256p.jpg,Full,,ATX,Black,ATX 3.x
SeaSonic CORE GX ATX 3 (2024),650,138.01,80+ Gold,seasonic core gx atx 3 0,B-,"Good electrical performance and decent component quality, however OCP on the minor rails is set way too high, particularly on 5VSB (over 200%)",130.8,//cdna.pcpartpicker.com/static/forever/images/product/5c6f5c52e83c261e3ae443289bc7a5a4.256p.jpg,Full,,ATX,Black,ATX 3.x
Gigabyte UD750GM,750,139.99,80+ Gold,gigabyte p gm rev 1 explosive,F,Widespread failures due to explosive FETs from bad board design. See serial number range in notes for affected units.,78.46666666666665,//cdna.pcpartpicker.com/static/forever/images/product/3fecb5a05a7f614ab70e1ace80e3baee.256p.jpg,Full,,ATX,Black,ATX 2.x
be quiet! Power Zone 2,750,139.99,80+ Platinum,be quiet power zone 2,B+,First be quiet! PSU with semi-passive operation.,110.2,//cdna.pcpartpicker.com/static/forever/images/product/d04914d2e55a2b07e07ab7e5ddb1c6e9.256p.jpg,Full,,ATX,Black,ATX 3.x
Thermaltake Smart BM3,850,139.99,80+ Bronze,thermaltake smart bm3,C,"Transient response was tested but values were left out. OPP is set very high, but the PSU handled it and shut down safely and properly.",110.2,//cdna.pcpartpicker.com/static/forever/images/product/4035fc9d7848a95867f6b82bb2606417.256p.jpg,Semi,,ATX,Black,ATX 3.x
FSP Group VITA-750GM,750,139.99,80+ Gold,No Match,N/A,No Match Info,0,//cdna.pcpartpicker.com/static/forever/images/product/d29304b577cb0ddc88b358a2803d1751.256p.jpg,Full,,ATX,Black,N/A
Super Flower Zillion FG,1050,139.99,80+ Gold,super flower zillion fg gold atx 3 1,B-*,,112.6,//cdna.pcpartpicker.com/static/forever/images/product/7ca08574210884ec7e77eb2fbd3dc92f.256p.jpg,Full,,ATX,Black,ATX 3.x
Fractal Design Ion+ 560P,560,139.99,80+ Platinum,fractal design ion platinum plus 2,A,,90.60487804878049,//cdna.pcpartpicker.com/static/forever/images/product/c2a8cbfae3cc72e34af4e829d2d77e32.256p.jpg,Full,,ATX,Black,ATX 2.x
Segotep GM,850,143.97,80+ Gold,segotep gm,F,Numerous protections malfunctions and terrible electrical performance. See testing here.,108.0,https://m.media-amazon.com/images/I/51F777ShQDL.jpg,Full,,ATX,Black,ATX 3.x
Cooler Master MWE Gold 850 - V2,850,144.99,80+ Gold,cooler master mwe v2 gold full mod,B+,,112.2,//cdna.pcpartpicker.com/static/forever/images/product/01c5294aaa030cd889e3923906b92a10.256p.jpg,Full,,ATX,Black,ATX 2.x
Antec CSK,650,146.9,80+ Bronze,antec atom cuprum strike csk bronze,E,,113.0,//cdna.pcpartpicker.com/static/forever/images/product/eaf88844dea83c9215031240a243a6b6.256p.jpg,No,,ATX,Black / Yellow,ATX 2.x
Apevia Galaxy,1000,146.91,80+ Gold,apevia galaxy standard,C*,Not enough info,110.4,https://m.media-amazon.com/images/I/418IdrA+ZuS.jpg,Semi,,ATX,Black,ATX 2.x
Lian Li SP750,750,147.58,80+ Gold,lian li sp,B,Doesn't see the same problem as the 850W variant because of its lower capacity.,94.95652173913044,//cdna.pcpartpicker.com/static/forever/images/product/db355edbb98f99d3bb64db1cd6a8e179.256p.jpg,Full,,SFX,White,ATX 2.x
Inter-Tech Argus RGB II,500,148.04,80+ Bronze,No Match,N/A,No Match Info,0,https://m.media-amazon.com/images/I/41siUATjegS.jpg,No,,ATX,Black,N/A
Cooler Master MWE Gold 850 V3,850,148.15,80+ Gold,cooler master mwe v3 atx 3 1 gold modular,B+,"Platform is the same as the GX III with upgraded fan (Hong Hua FDB, Yate Loon DBB); no MOV. Ball bearing fans possibly region-specific (Europe?)",113.6,//cdna.pcpartpicker.com/static/forever/images/product/ba3f1ee18ce6535b90116201b175bbef.256p.jpg,Full,,ATX,Black,ATX 3.x
Lian Li EDGE GOLD,850,148.72,80+ Gold,No Match,N/A,No Match Info,0,//cdna.pcpartpicker.com/static/forever/images/product/9a5971cefd086b73cf477e550aed363a.256p.jpg,Full,,ATX,Black,N/A
Corsair TX550M Gold,550,148.99,80+ Gold,corsair tx m 2021 black label,A,Gray label,77.46666666666665,https://images-na.ssl-images-amazon.com/images/I/41z3I3BNcfL.jpg,Semi,,ATX,,ATX 2.x
Montech APX,750,149.56,80+,montech apx,C-,,108.2,https://m.media-amazon.com/images/I/41cEcVaK0QL.jpg,No,,ATX,Black,ATX 2.x
MSI MAG A850GL PCIE5,850,149.97,80+ Gold,msi mag a gl pcie5,B,"Solid electrical performance, let down by poorly tuned protections, mediocre transient response, and a low quality fan.",99.07368421052631,//cdna.pcpartpicker.com/static/forever/images/product/eef1b2e0ab31f6cbcbe01d162f44b952.256p.jpg,Full,,ATX,White,ATX 3.x
be quiet! Pure Power 12 M,850,149.99,80+ Gold,be quiet pure power 12 m,A,Not to be confused with the non-modular Pure Power 12.,110.8,//cdna.pcpartpicker.com/static/forever/images/product/58f82e34238ad2132a69775300daa503.256p.jpg,Full,,ATX,Black,ATX 3.x
Fractal Design Ion+ 660P,660,149.99,80+ Platinum,fractal design ion platinum plus 2,A,,90.60487804878049,//cdna.pcpartpicker.com/static/forever/images/product/858613a28125fded4ae29e8fe2659158.256p.jpg,Full,,ATX,Black,ATX 2.x
Cooler Master V750 Gold i,750,149.99,80+ Gold,cooler master v series vanguard gold i multi digital,A+,"""Semi-digital"" - offers digital fan control and monitoring via MasterPlus software; actual components are analog.",101.5142857142857,//cdna.pcpartpicker.com/static/forever/images/product/2f8ca117f2afe0b3a6818cde1624b8d4.256p.jpg,Full,,ATX,Black / Gold,ATX 3.x
Xilence XP750R6.2,750,150.22,80+,No Match,N/A,No Match Info,0,https://m.media-amazon.com/images/I/41pKUI+XyJL.jpg,No,,ATX,Black,N/A
Thermaltake Smart BM3,650,150.98,80+ Bronze,thermaltake smart bm3,C,"Transient response was tested but values were left out. OPP is set very high, but the PSU handled it and shut down safely and properly.",110.2,//cdna.pcpartpicker.com/static/forever/images/product/4f3b7e2fa6212bc5d7addadf36fa2b1b.256p.jpg,Semi,,ATX,Black,ATX 3.x
Thermaltake Toughpower GF2 ARGB,650,151.19,80+ Gold,thermaltake toughpower gf2 argb,A-,,112.2,https://m.media-amazon.com/images/I/51e9DyngGIL.jpg,Full,,ATX,Black,ATX 2.x
SeaSonic CORE GX ATX 3 (2024),750,151.47,80+ Gold,seasonic core gx atx 3 0,B-,"Good electrical performance and decent component quality, however OCP on the minor rails is set way too high, particularly on 5VSB (over 200%)",130.8,//cdna.pcpartpicker.com/static/forever/images/product/0c0d62393e77cdf888840f591ae503e5.256p.jpg,Full,,ATX,Black,ATX 3.x
Asus TUF Gaming 750G,750,151.8,80+ Gold,asus tuf gold,B,12VHPWR to dual PCIE cable as well as a native 12VHPWR cable.,107.6,//cdna.pcpartpicker.com/static/forever/images/product/45c889b358290996d7737156b64146c0.256p.jpg,Full,,ATX,Black,ATX 3.x
FSP Group VITA-850GM,850,154.99,80+ Gold,No Match,N/A,No Match Info,0,//cdna.pcpartpicker.com/static/forever/images/product/d29304b577cb0ddc88b358a2803d1751.256p.jpg,Full,,ATX,Black,N/A
Lian Li SP,750,155.58,80+ Gold,lian li sp,B,Doesn't see the same problem as the 850W variant because of its lower capacity.,108.0,//cdna.pcpartpicker.com/static/forever/images/product/7a9dedea22aa3c48ba0ae4effe9b21a3.256p.jpg,Full,,SFX,Black,ATX 2.x
be quiet! Pure Power 11,400,157.66,80+ Gold,be quiet pure power 11,B,,110.4,//cdna.pcpartpicker.com/static/forever/images/product/b947717c761b539be4045f28c94c99e8.256p.jpg,No,,ATX,Black,ATX 2.x
Lian Li EDGE GOLD,850,157.87,80+ Gold,No Match,N/A,No Match Info,0,//cdna.pcpartpicker.com/static/forever/images/product/f3d49f21c4bbc671af07e2be31f23b94.256p.jpg,Full,,ATX,White,N/A
Corsair CXM,750,159.04,80+ Bronze,corsair cx m 2013 green label,C-,"Green ""CX"" lettering on black label. Detiered to C- due to age.",88.57777777777777,//cdna.pcpartpicker.com/static/forever/images/product/23a8f923c23d6de30026d889136bf175.256p.jpg,Semi,,ATX,,ATX 2.x
be quiet! Power Zone 2,850,159.99,80+ Platinum,be quiet power zone 2,B+,First be quiet! PSU with semi-passive operation.,110.2,//cdna.pcpartpicker.com/static/forever/images/product/a2d7bd1f1791322949e2087a850997dd.256p.jpg,Full,,ATX,Black,ATX 3.x
Thermaltake Toughpower GF A3 Snow,850,160.22,80+ Gold,thermaltake toughpower gf a3 snow,B,,112.6,//cdna.pcpartpicker.com/static/forever/images/product/f9f65f8de59f21fde47414034b68536c.256p.jpg,Full,,ATX,White,ATX 3.x
ASRock Steel Legend SL-850G,850,161.99,80+ Gold,asrock steel legend sl g,B+,"1000W model has poor transient response on 12V under 200% spike, other models mediocre. 850/1000W avail. in white.",106.45217391304348,//cdna.pcpartpicker.com/static/forever/images/product/32248606cf6d469a056d08373860c535.256p.jpg,Full,,ATX,Black,ATX 3.x
be quiet! Pure Power 12,1000,161.99,80+ Gold,be quiet pure power 12,B*,"85C bulk caps, rifle bearing fan, non-modular.",110.4,//cdna.pcpartpicker.com/static/forever/images/product/158d0a5638c31a4f0783792c3737506a.256p.jpg,No,,ATX,Black,ATX 3.x
In Win P85,850,162.77,80+ Gold,No Match,N/A,No Match Info,0,https://m.media-amazon.com/images/I/41JKh6pOl2L.jpg,Full,,ATX,Black,N/A
be quiet! Pure Power 13 M,750,162.99,80+ Gold,be quiet pure power 13 m,A,Excellent noise profile.,110.8,https://m.media-amazon.com/images/I/51NcpqwxV1L.jpg,Full,,ATX,Black,ATX 3.x
CoolMax ZU-1000B,1000,162.99,80+ Bronze,No Match,N/A,No Match Info,0,https://m.media-amazon.com/images/I/31mL0F6YlGL.jpg,Semi,,ATX,,N/A
Gigabyte UD850GM PG5 (rev. 2.0),850,163.9,80+ Gold,gigabyte ultra durable ud gm pg5 v2 rev 2 0,C+*,"See here. Very limited information, but rifle bearing Yate Loon fans are still in use (and the curve is configured to let them get very loud.)",79.6,//cdna.pcpartpicker.com/static/forever/images/product/5fcee95f3b93aa8bd881c7aae7bc4e0a.256p.jpg,Full,,ATX,Black,ATX 3.x
MSI MPG A850G PCIE5,850,164.99,80+ Gold,msi mpg a g pcie5,A,ATX 3.0 refresh,98.28888888888889,//cdna.pcpartpicker.com/static/forever/images/product/5bff625e69da1c7069c73f477b42ca41.256p.jpg,Full,,ATX,Black,ATX 3.x
Super Flower Leadex III Gold UP,850,164.99,80+ Gold,super flower leadex iii gold up atx 3 1 ge,A,"850W has weak 3.3V transient response, but otherwise works well. 1000W seems to lack proper efficiency certifications, but meets gold criteria.",103.8,//cdna.pcpartpicker.com/static/forever/images/product/72e79c9c6bb8b0b3bf0eba2806d3142b.256p.jpg,Full,,ATX,Black,ATX 3.x
NZXT C750,750,166.51,80+ Bronze,No Match,N/A,No Match Info,0,https://m.media-amazon.com/images/I/41p5IDJCWlL.jpg,Semi,,ATX,Black,N/A
Silverstone Essential,750,166.57,80+ Gold,silverstone essential et g,B,,111.2,https://images-fe.ssl-images-amazon.com/images/I/511PE5hHeKL.jpg,No,,ATX,Black / Yellow,ATX 2.x
Corsair RM850,850,167.2,80+ Gold,corsair rm e 2022,B+,"750/850W: 140mm, 1000/1200W: 150mm. 2023 version includes 12VHPWR cable. Early reports of coil whine and premature failures/DOAs, but supposedly fixed.",88.4,//cdna.pcpartpicker.com/static/forever/images/product/1752baa3ddb162df098cf33b0b6eeae3.256p.jpg,Full,,ATX,White / Black,ATX 2.x
Gigabyte UD850GM,850,168.0,80+ Gold,gigabyte p gm rev 1 explosive,F,Widespread failures due to explosive FETs from bad board design. See serial number range in notes for affected units.,78.46666666666665,//cdna.pcpartpicker.com/static/forever/images/product/2fd893bbd3486b3f2878a98bb949e0bb.256p.jpg,Full,,ATX,Black,ATX 2.x
Lian Li SP850,850,168.17,80+ Gold,lian li sp,F,Fatal design flaw that causes an X cap to melt under 100VAC; potential fire hazard. Two samples also died during LTT Labs testing.,94.95652173913044,//cdna.pcpartpicker.com/static/forever/images/product/e9b300b7848e40028671ae29d4b07cb8.256p.jpg,Full,,SFX,Black,ATX 2.x
RAIJINTEK AMPERE,850,169.0,80+ Platinum,No Match,N/A,No Match Info,0,https://m.media-amazon.com/images/I/41nvFQkjvgL.jpg,Full,,ATX,Black,N/A
Thermaltake Toughpower GF1 (2024),750,169.98,80+ Gold,thermaltake toughpower gf1 premium 2024,B*,"Limited info; internal shots show it as a costdown GF A3 w/o 12VHPWR, Chinese caps and other cheap components; 140mm depth. Made in VN.",132.8,//cdna.pcpartpicker.com/static/forever/images/product/6ee215a762a575aaa7d2df86c919eb95.256p.jpg,Full,,ATX,Black,ATX 2.x
be quiet! Pure Power 12 M,1000,169.99,80+ Gold,be quiet pure power 12 m,A,Not to be confused with the non-modular Pure Power 12.,110.8,//cdna.pcpartpicker.com/static/forever/images/product/02078adf4372cab46e72fc7dc8ff4553.256p.jpg,Full,,ATX,Black,ATX 3.x
Corsair RM750,750,169.99,80+ Gold,corsair rm e 2022,B+,"750/850W: 140mm, 1000/1200W: 150mm. 2023 version includes 12VHPWR cable. Early reports of coil whine and premature failures/DOAs, but supposedly fixed.",88.4,//cdna.pcpartpicker.com/static/forever/images/product/8912b48548fca5ee3606a5d93772928a.256p.jpg,Full,,ATX,White / Black,ATX 2.x
Super Flower Zillion FG,1250,169.99,80+ Gold,super flower zillion fg gold atx 3 1,B-*,,112.6,//cdna.pcpartpicker.com/static/forever/images/product/d8adb266604520991852450e39838d13.256p.jpg,Full,,ATX,Black,ATX 3.x
ADATA XPG Core Reactor II,750,170.99,80+ Gold,adata xpg core reactor ii ve,A,Costdown Core Reactor II,111.6,//cdna.pcpartpicker.com/static/forever/images/product/c47f1c0603362227e6188fda6f81c067.256p.jpg,Full,,ATX,Black,ATX 3.x
MSI A1000G PCIE5,1000,174.99,80+ Gold,msi mag a gl pcie5 ii,B+*,Sticker on unit is slightly different w/ yellow corner accents. All dimensions and specs are otherwise the same.,82.2,//cdna.pcpartpicker.com/static/forever/images/product/f4ba2af40fa30a597244521a441515b5.256p.jpg,Full,,ATX,Black,ATX 3.x
Corsair RM850x SHIFT,850,174.99,80+ Gold,corsair rm x shift,A+,Modular inputs on side of PSU rather than the rear. Use caution and check case clearances.,29.07368421052631,//cdna.pcpartpicker.com/static/forever/images/product/7882f867747759b989aa762208c899ed.256p.jpg,Full / Side,,ATX,Black,ATX 3.x
MSI MPG A1000G,1000,174.99,80+ Gold,msi mpg a g,A,,88.2,//cdna.pcpartpicker.com/static/forever/images/product/f01f2f153ab94837a8a30dd45d93935a.256p.jpg,Full,,ATX,Black,ATX 2.x
Lian Li SP850,850,177.32,80+ Gold,lian li sp,F,Fatal design flaw that causes an X cap to melt under 100VAC; potential fire hazard. Two samples also died during LTT Labs testing.,94.95652173913044,//cdna.pcpartpicker.com/static/forever/images/product/1c096a9315345f920e4988fc4eda404e.256p.jpg,Full,,SFX,White,ATX 2.x
SeaSonic CORE GX ATX 3 (2024),850,178.4,80+ Gold,seasonic core gx atx 3 0,B-,"Good electrical performance and decent component quality, however OCP on the minor rails is set way too high, particularly on 5VSB (over 200%)",130.8,//cdna.pcpartpicker.com/static/forever/images/product/2a8c5efeb85017829c46d8fe18d71ca6.256p.jpg,Full,,ATX,Black,ATX 3.x
Cooler Master MWE White V2 230V,700,178.6,80+,cooler master mwe v2 white,B,,111.2,//cdna.pcpartpicker.com/static/forever/images/product/25b04bd15445e49122eab536acaee519.256p.jpg,No,,ATX,Black,ATX 2.x
Thermaltake Smart RGB 230V,600,178.81,80+,thermaltake smart rgb,D,,110.2,//cdna.pcpartpicker.com/static/forever/images/product/61057e651c9d8030b2a6d8a077aecd22.256p.jpg,No,,ATX,Black,ATX 2.x
Chieftec Polaris,550,179.18,80+ Gold,chieftec chieftronic polaris pps fc,B-,"Both EPS connectors share a cable, poor regulation and transient response on minor rails; only a 2 year warranty.",113.0,https://m.media-amazon.com/images/I/41eEOJfqlbL.jpg,Full,,ATX,Black,ATX 2.x
Corsair RM750e (2022),750,179.85,80+ Gold,corsair rm e 2022,B+,"750/850W: 140mm, 1000/1200W: 150mm. 2023 version includes 12VHPWR cable. Early reports of coil whine and premature failures/DOAs, but supposedly fixed.",105.32307692307693,//cdna.pcpartpicker.com/static/forever/images/product/f395e0fdaf74d2e7700fc3834f5ecf98.256p.jpg,Full,,ATX,Black,ATX 2.x
Thermaltake Toughpower GF A3 - TT Premium Edition,1050,179.95,80+ Gold,thermaltake toughpower gf a3 n amer,B-,"Unnanounced OEM swap for North American market. Technically invalid 80 Plus certification, but did qualify for Gold in testing, as advertised.",121.88888888888889,//cdna.pcpartpicker.com/static/forever/images/product/fde35fc1c95bec77a83fb6bebf236edb.256p.jpg,Full,,ATX,Black,ATX 3.x
Thermaltake Toughpower GX3,850,179.98,80+ Gold,thermaltake toughpower gx3,B-*,Not certain on platform,111.2,//cdna.pcpartpicker.com/static/forever/images/product/03cee934ee7fb2e5a45fe58adb3772f3.256p.jpg,No,,ATX,Black,ATX 3.x
NZXT C850 (2024),850,179.99,80+ Gold,No Match,N/A,No Match Info,0,//cdna.pcpartpicker.com/static/forever/images/product/c0060ae80a7b71686da1ca92324d0f68.256p.jpg,Full,,ATX,Black,N/A
Corsair RM750x SHIFT,750,179.99,80+ Gold,corsair rm x shift,A+,Modular inputs on side of PSU rather than the rear. Use caution and check case clearances.,29.07368421052631,//cdna.pcpartpicker.com/static/forever/images/product/7882f867747759b989aa762208c899ed.256p.jpg,Full / Side,,ATX,Black,ATX 3.x
Corsair RM650 (2019),650,179.99,80+ Gold,corsair rm 2019 gray label,B+,Grey label; costdown RM-x. Out-of-spec 3.3V transients. Hong Hua rifle bearing fan. Meets all other tier A requirements.,100.2,//cdna.pcpartpicker.com/static/forever/images/product/ba980adaab9d78bdc3290de17c34073e.256p.jpg,Full,,ATX,Black,ATX 2.x
MSI MPG A850GS PCIE5,850,179.99,80+ Gold,msi mpg a gs pcie5,A,Semi-digital.,99.07368421052631,//cdna.pcpartpicker.com/static/forever/images/product/e30f8fbb357a16391b3a15586b9aaec4.256p.jpg,Full,,ATX,Black,ATX 3.x
Asus Prime AP-850G,850,180.0,80+ Gold,asus prime gold,B+,,108.0,//cdna.pcpartpicker.com/static/forever/images/product/78e68f418ed5b6051e6e7204102d7094.256p.jpg,Full,,ATX,White / Black,ATX 3.x
Corsair CX450M (2015),450,180.0,80+ Bronze,corsair cx m 2013 green label,E,"Green ""CX"" lettering on black label. 85C caps all around, 30C rated operating temp, avoid.",77.46666666666665,https://m.media-amazon.com/images/I/51yOyAh5xnL.jpg,Semi,,ATX,,ATX 2.x
Silverstone Essential,550,181.83,80+ Gold,silverstone essential et hg,B,,111.4,https://images-fe.ssl-images-amazon.com/images/I/511OoR096DL.jpg,Semi,,ATX,Black,ATX 2.x
Rosewill CMG850,850,182.52,80+ Gold,rosewill cmg,B*,,97.28888888888889,https://m.media-amazon.com/images/I/41kpwyrL88L.jpg,Full,,ATX,Black,ATX 2.x
Chieftec Vita,850,183.53,80+ Bronze,chieftec chieftronic vita bpx s,C-,,112.2,//cdna.pcpartpicker.com/static/forever/images/product/a55b2cba4a51c1301e4fc05b02970d58.256p.jpg,No,,ATX,Black / Blue,ATX 2.x
ASRock Phantom Gaming PG-750G,750,184.99,80+ Gold,asrock phantom gaming pg g,A,"12V-2x6 connector (GPU side) has thermistors to act as an ""OTP"" against melting. Stellar ripple suppression, especially on the minor rails.",107.2,//cdna.pcpartpicker.com/static/forever/images/product/05f77e3fcfaedb40ed55bfa5174d914e.256p.jpg,Full,,ATX,Black,ATX 3.x
Thermaltake Toughpower GF A3 - TT Premium Edition,750,185.99,80+ Gold,thermaltake toughpower gf a3 n amer,B-,"Unnanounced OEM swap for North American market. Technically invalid 80 Plus certification, but did qualify for Gold in testing, as advertised.",121.88888888888889,//cdna.pcpartpicker.com/static/forever/images/product/ad75696f5880e84710e8c64cdaada823.256p.jpg,Full,,ATX,Black,ATX 3.x
Thermaltake Toughpower GT,850,186.55,80+ Gold,thermaltake toughpower gt version b global,B-*,,114.4,//cdna.pcpartpicker.com/static/forever/images/product/e75330e2013e0c36c9f33df731683563.256p.jpg,Full,,ATX,White,ATX 3.x
Thermaltake Toughpower GF1 (2024),850,186.98,80+ Gold,thermaltake toughpower gf1 premium 2024,B*,"Limited info; internal shots show it as a costdown GF A3 w/o 12VHPWR, Chinese caps and other cheap components; 140mm depth. Made in VN.",132.8,//cdna.pcpartpicker.com/static/forever/images/product/1d3c099db66ec0e9f5a65298b5aa5b96.256p.jpg,Full,,ATX,Black,ATX 2.x
Silverstone TX300,300,187.84,80+ Bronze,No Match,N/A,No Match Info,0,https://m.media-amazon.com/images/I/51d-oKrpajL.jpg,No,,TFX,Black,N/A
Asus ROG Strix Aura Edition,750,188.0,80+ Gold,asus rog strix aura gold,A-,,109.8,//cdna.pcpartpicker.com/static/forever/images/product/7906b461b9927a788bd19f1ca19ca6e8.256p.jpg,Full,,ATX,Black,ATX 3.x
be quiet! Pure Power 13 M,850,188.99,80+ Gold,be quiet pure power 13 m,A,Excellent noise profile.,110.8,https://m.media-amazon.com/images/I/51NcpqwxV1L.jpg,Full,,ATX,Black,ATX 3.x
EVGA 650 B5,650,189.54,80+ Bronze,evga b series b5,B,Inconclusive,109.2,https://m.media-amazon.com/images/I/515XcqQgbAL.jpg,Full,,ATX,Black,ATX 2.x
Corsair RM750 (2019),750,189.68,80+ Gold,corsair rm 2019 gray label,B+,Grey label; costdown RM-x. Out-of-spec 3.3V transients. Hong Hua rifle bearing fan. Meets all other tier A requirements.,100.2,//cdna.pcpartpicker.com/static/forever/images/product/02951377c9eed1e21fc3d8ba6092717e.256p.jpg,Full,,ATX,Black,ATX 2.x
be quiet! Power Zone 2,1000,189.99,80+ Platinum,be quiet power zone 2,B+,First be quiet! PSU with semi-passive operation.,110.2,//cdna.pcpartpicker.com/static/forever/images/product/838e53fd8b582b17bbac83fab611f118.256p.jpg,Full,,ATX,Black,ATX 3.x
Gigabyte UD-GM PG5,850,189.99,80+ Gold,gigabyte ultra durable ud gm pg5 v2 rev 2 0,C+*,"See here. Very limited information, but rifle bearing Yate Loon fans are still in use (and the curve is configured to let them get very loud.)",114.6,//cdna.pcpartpicker.com/static/forever/images/product/71a63db2267f43304efa03516e480eb1.256p.jpg,Full,,ATX,White,ATX 3.x
FSP Group FSP400-60FGGBA,400,190.01,80+ Gold,No Match,N/A,No Match Info,0,https://m.media-amazon.com/images/I/51RM+70bH6L.jpg,No,,Flex ATX,Silver,N/A
SeaSonic Focus GX V4 ATX 3 (2024),750,192.99,80+ Gold,seasonic focus gx v4 atx 3 1,A-,"Black model has white line accents, compared to V3. Stupidly high inrush current, mediocre transient response, minor rails' OCP needs tuning.",131.6,//cdna.pcpartpicker.com/static/forever/images/product/95e33387277fc0fc6e46c69add179ba1.256p.jpg,Full,,ATX,White,ATX 3.x
SeaSonic Focus GX V4 ATX 3 (2024),750,194.11,80+ Gold,seasonic focus gx v4 atx 3 1,A-,"Black model has white line accents, compared to V3. Stupidly high inrush current, mediocre transient response, minor rails' OCP needs tuning.",131.6,//cdna.pcpartpicker.com/static/forever/images/product/5595266ca881fcc6e5296037a601f47d.256p.jpg,Full,,ATX,Black,ATX 3.x
ASRock Steel Legend SL-850GW,850,194.99,80+ Gold,asrock steel legend sl g,B+,"1000W model has poor transient response on 12V under 200% spike, other models mediocre. 850/1000W avail. in white.",106.45217391304348,//cdna.pcpartpicker.com/static/forever/images/product/f0d0913927dbad7a2da55bd5a2100f43.256p.jpg,Full,,ATX,White,ATX 3.x
Asus TUF Gaming 1000G,1000,196.9,80+ Gold,asus tuf gold,B,12VHPWR to dual PCIE cable as well as a native 12VHPWR cable.,107.6,//cdna.pcpartpicker.com/static/forever/images/product/06eac4dd425e5a1d1e70735068c47072.256p.jpg,Full,,ATX,Black,ATX 3.x
Corsair RM750x SHIFT,750,196.9,80+ Gold,corsair rm x shift,A+,Modular inputs on side of PSU rather than the rear. Use caution and check case clearances.,29.07368421052631,//cdna.pcpartpicker.com/static/forever/images/product/538f621aadcabc4d3a2a09a02d4df153.256p.jpg,Full / Side,,ATX,White,ATX 3.x
Corsair RM650x (2018),650,197.9,80+ Gold,corsair rm x 2021,A+,"160mm length, Sunon Magnetic Levitation (Maglev) bearing fan.",93.01538461538462,//cdna.pcpartpicker.com/static/forever/images/product/c6df4edbb596b2818cd0c5e204fb3df3.256p.jpg,Full,,ATX,Black / Silver,ATX 2.x
be quiet! System Power 9 CM,400,198.35,80+ Bronze,be quiet system power 9 cm,C-,,111.2,//cdna.pcpartpicker.com/static/forever/images/product/c7615ed81c90d3e051aca4d771cc78fb.256p.jpg,Semi,,ATX,Black,ATX 2.x
Thermaltake TR2 S,700,198.45,80+,thermaltake tr2 s dc dc ver,C-*,"Flat black cables, model PS-TRS-[Wattage]NNSAW. Claims DC-DC and all protections. Possibly double-sourced with HKC.",111.4,https://m.media-amazon.com/images/I/51uuHGYKMML.jpg,No,,ATX,Black,ATX 2.x
MSI MAG A1000GL PCIE5,1000,198.96,80+ Gold,msi mag a gl pcie5,B+,5V OCP malfunctioned under high temps; CSZ costdown with Chinese caps and inexpensive bridge rectifiers per Aris' testing.,96.77948717948718,//cdna.pcpartpicker.com/static/forever/images/product/d341970c610a68f6188dd0c370743769.256p.jpg,Full,,ATX,Black,ATX 3.x
Thermaltake Toughpower GF1 PE,850,199.35,80+ Gold,thermaltake toughpower gf1 premium 2021,A+,,107.34545454545454,//cdna.pcpartpicker.com/static/forever/images/product/134c2df91872591a7ab32387f3aa5a1b.256p.jpg,Full,,ATX,Black,ATX 2.x
Corsair RM750,750,199.41,80+ Gold,corsair rm e 2022,B+,"750/850W: 140mm, 1000/1200W: 150mm. 2023 version includes 12VHPWR cable. Early reports of coil whine and premature failures/DOAs, but supposedly fixed.",88.4,//cdna.pcpartpicker.com/static/forever/images/product/ba1237e2349bec09bccff4016facca23.256p.jpg,Full,,ATX,Black,ATX 2.x
EVGA 850 B5,850,199.45,80+ Bronze,evga b series b5,B,Inconclusive,109.2,https://m.media-amazon.com/images/I/51UyDWC5Y8L.jpg,Full,,ATX,Black,ATX 2.x
Corsair RM850e (2022),850,199.88,80+ Gold,corsair rm e 2022,B+,"750/850W: 140mm, 1000/1200W: 150mm. 2023 version includes 12VHPWR cable. Early reports of coil whine and premature failures/DOAs, but supposedly fixed.",105.32307692307693,//cdna.pcpartpicker.com/static/forever/images/product/237b36018991e28d227eaa0158bd0425.256p.jpg,Full,,ATX,Black,ATX 2.x
Asus TUF Gaming 850G,850,199.99,80+ Gold,asus tuf gold,B,12VHPWR to dual PCIE cable as well as a native 12VHPWR cable.,107.6,//cdna.pcpartpicker.com/static/forever/images/product/4f699d87a43e3c59ea964a1bf230301c.256p.jpg,Full,,ATX,Black,ATX 3.x
Super Flower Leadex III Gold UP,1000,199.99,80+ Gold,super flower leadex gold,A-,1300W 5VSB voltage regulation doesn't quite hit A tier performance.,109.8,//cdna.pcpartpicker.com/static/forever/images/product/8518dc8b066169771e77870f3a73d3ed.256p.jpg,Full,,ATX,Black,ATX 2.x
Super Flower LEADEX VII XG,1000,199.99,80+ Gold,super flower leadex vii gold xg,A+,White variant available at 1kW.,111.6,//cdna.pcpartpicker.com/static/forever/images/product/1e617d05abd44c115115a1bb69de33b8.256p.jpg,Full,,ATX,White,ATX 3.x
FSP Group VITA-1000GM,1000,199.99,80+ Gold,No Match,N/A,No Match Info,0,//cdna.pcpartpicker.com/static/forever/images/product/d29304b577cb0ddc88b358a2803d1751.256p.jpg,Full,,ATX,Black,N/A
Cougar GEX X2,850,199.99,80+ Gold,cougar gex x2 atx 3 0,B+,,110.2,https://m.media-amazon.com/images/I/61w9VDsc8TL.jpg,Full,,ATX,Black,ATX 3.x
EVGA 850 GQ,850,200.4,80+ Gold,evga supernova gq,B,,39.400000000000006,//cdna.pcpartpicker.com/static/forever/images/product/6526a44f05968a2e6b238ca552f25ae7.256p.jpg,Semi,,ATX,,ATX 2.x
FSP Group FSP300-60LG-5K,300,201.19,80+ Bronze,No Match,N/A,No Match Info,0,https://images-eu.ssl-images-amazon.com/images/I/413Go7ruwJL.jpg,No,,Flex ATX,Silver,N/A
Lian Li EDGE GOLD,1000,201.34,80+ Gold,No Match,N/A,No Match Info,0,//cdna.pcpartpicker.com/static/forever/images/product/6cd392c0ddcb76b70bdf0b6ed14e34ca.256p.jpg,Full,,ATX,White,N/A
Lian Li EDGE GOLD,1000,202.49,80+ Gold,No Match,N/A,No Match Info,0,//cdna.pcpartpicker.com/static/forever/images/product/849f751a4ea67f2ed2cfd4ab47fb23eb.256p.jpg,Full,,ATX,Black,N/A
RAIJINTEK AMPERE,1000,204.0,80+ Platinum,No Match,N/A,No Match Info,0,https://m.media-amazon.com/images/I/41998+pxBSL.jpg,Full,,ATX,Black,N/A
Corsair RM750x (2018),750,205.89,80+ Gold,corsair rm x 2021,A+,"160mm length, Sunon Magnetic Levitation (Maglev) bearing fan.",93.01538461538462,//cdna.pcpartpicker.com/static/forever/images/product/b4a2d3f62255a1c35fd45aa3273c5173.256p.jpg,Full,,ATX,Black,ATX 2.x
ASRock Steel Legend SL-1000G,1000,205.99,80+ Gold,asrock steel legend sl g,B+,"1000W model has poor transient response on 12V under 200% spike, other models mediocre. 850/1000W avail. in white.",106.45217391304348,//cdna.pcpartpicker.com/static/forever/images/product/0831b235eea9461d59da3b218e57f673.256p.jpg,Full,,ATX,Black,ATX 3.x
Rosewill Green,430,206.99,80+,No Match,N/A,No Match Info,0,https://images-na.ssl-images-amazon.com/images/I/412BsFRwmgL.jpg,No,,ATX,,N/A
SeaSonic Focus GX V4 ATX 3 (2024),850,207.98,80+ Gold,seasonic focus gx v4 atx 3 1,A-,"Black model has white line accents, compared to V3. Stupidly high inrush current, mediocre transient response, minor rails' OCP needs tuning.",131.6,//cdna.pcpartpicker.com/static/forever/images/product/c47adb16cfeb519bade71008c258af92.256p.jpg,Full,,ATX,White,ATX 3.x
Chieftec Polaris,650,208.98,80+ Gold,chieftec chieftronic polaris pps fc,B-,"Both EPS connectors share a cable, poor regulation and transient response on minor rails; only a 2 year warranty.",113.0,https://m.media-amazon.com/images/I/41VMHjYnjKL.jpg,Full,,ATX,Black,ATX 2.x
Inter-Tech Argus RGB CM II,650,209.19,80+ Gold,No Match,N/A,No Match Info,0,//cdna.pcpartpicker.com/static/forever/images/product/d0ad7042434a80974e32f22883483a2f.256p.jpg,Semi,,ATX,Black,N/A
Montech CENTURY II,1200,209.98,80+ Gold,montech century ii gold atx 3 1,A,"Good performance and noise profile. High inrush current. OPP and OCP on the minor rails need tuning. Functional, but set high.",111.6,//cdna.pcpartpicker.com/static/forever/images/product/f973a0374020c80c5fb0199771036a12.256p.jpg,Full,,ATX,Black,ATX 3.x
Thermaltake Toughpower GF A3 - TT Premium Edition,850,209.98,80+ Gold,thermaltake toughpower gf a3 n amer,B-,"Unnanounced OEM swap for North American market. Technically invalid 80 Plus certification, but did qualify for Gold in testing, as advertised.",121.88888888888889,//cdna.pcpartpicker.com/static/forever/images/product/3ef3786cf13096d367d314e5498fffc2.256p.jpg,Full,,ATX,Black,ATX 3.x
Lian Li EDGE,1000,209.99,80+ Platinum,No Match,N/A,No Match Info,0,//cdna.pcpartpicker.com/static/forever/images/product/2b6505f267e91c686ae87e596ed59260.256p.jpg,Full,,ATX,Black,N/A
Super Flower LEADEX VII Platinum PRO,1000,209.99,80+ Platinum,super flower leadex vii platinum pro xp,A+,,113.8,//cdna.pcpartpicker.com/static/forever/images/product/8c2829b9a24bc87b620fa4be377b8d69.256p.jpg,Full,,ATX,Black,ATX 3.x
